transaction_id,date,account_id,category,amount
1996,2025-01-01,425829,ATM Withdrawal,458.0
1409,2025-01-01,386547,Utilities,211.89
1482,2025-01-01,267015,Payroll,743.17
1949,2025-01-01,836794,Utilities,414.69
1488,2025-01-01,815268,Retail,378.69
1739,2025-01-02,458512,Online Payment,556.87
846,2025-01-02,140988,Wire Transfer,999.06
845,2025-01-02,725021,ATM Withdrawal,251.4
1913,2025-01-02,471648,Payroll,887.9
773,2025-01-02,750281,Online Payment,58.9
1294,2025-01-02,360819,Retail,285.9
1622,2025-01-02,868972,Online Payment,107.61
1237,2025-01-02,236832,ATM Withdrawal,766.22
1550,2025-01-02,812909,Utilities,451.36
901,2025-01-02,166182,ATM Withdrawal,195.31
381,2025-01-02,776156,ATM Withdrawal,258.07
1190,2025-01-03,275318,Retail,71.01
104,2025-01-03,613649,Utilities,122.73
1279,2025-01-03,871162,Retail,610.07
465,2025-01-03,315319,Retail,413.0
575,2025-01-03,643327,Retail,150.03
707,2025-01-03,616356,Retail,372.76
1763,2025-01-04,184542,Utilities,522.0
303,2025-01-04,937600,Retail,164.49
1175,2025-01-04,200246,Wire Transfer,3125.55
1070,2025-01-04,328494,Retail,177.17
1532,2025-01-04,144319,Retail,344.17
1807,2025-01-04,102032,ATM Withdrawal,310.37
790,2025-01-05,762008,Online Payment,474.63
801,2025-01-05,731258,Retail,498.06
1682,2025-01-05,355264,ATM Withdrawal,389.58
1121,2025-01-06,328361,Payroll,1652.7
1038,2025-01-06,854479,Online Payment,143.32
410,2025-01-06,255260,Payroll,706.19
839,2025-01-06,729797,ATM Withdrawal,171.96
889,2025-01-06,888526,ATM Withdrawal,516.83
1366,2025-01-07,874459,ATM Withdrawal,472.25
1594,2025-01-07,116523,Payroll,667.29
415,2025-01-07,121079,Online Payment,214.52
478,2025-01-07,217074,Payroll,448.85
1652,2025-01-07,796060,Online Payment,208.31
1624,2025-01-07,948040,Retail,354.64
233,2025-01-08,313234,Wire Transfer,347.09
1529,2025-01-08,211331,Utilities,458.66
300,2025-01-08,895592,Retail,608.19
540,2025-01-08,420672,Online Payment,367.98
170,2025-01-09,960384,Online Payment,13.94
1167,2025-01-09,322590,ATM Withdrawal,315.15
369,2025-01-09,664796,Online Payment,274.46
1744,2025-01-09,459203,Retail,356.52
1783,2025-01-09,350252,Retail,524.08
272,2025-01-09,891186,ATM Withdrawal,351.57
821,2025-01-09,587010,Retail,301.24
429,2025-01-10,588613,Retail,243.81
454,2025-01-10,539426,Online Payment,348.82
1399,2025-01-10,219648,Wire Transfer,2810.37
1180,2025-01-10,138490,ATM Withdrawal,149.02
1590,2025-01-11,440954,Retail,151.96
1300,2025-01-11,761794,Retail,1332.07
1493,2025-01-11,318005,Retail,107.28
830,2025-01-11,307189,ATM Withdrawal,39.79
1944,2025-01-11,683386,Retail,117.27
1869,2025-01-12,288382,ATM Withdrawal,361.16
1536,2025-01-12,579438,Retail,264.27
385,2025-01-12,934420,Retail,153.59
138,2025-01-12,392583,Retail,122.29
787,2025-01-12,985548,Online Payment,130.09
1683,2025-01-13,898060,Wire Transfer,1332.17
147,2025-01-13,304585,Payroll,603.94
663,2025-01-13,868366,Payroll,3529.13
328,2025-01-14,738875,Online Payment,296.06
1446,2025-01-14,400005,Online Payment,160.96
1266,2025-01-14,299436,Utilities,398.58
1909,2025-01-14,240936,Wire Transfer,1229.7
844,2025-01-14,452150,Payroll,1255.05
117,2025-01-14,517492,Retail,115.15
970,2025-01-14,899160,Retail,550.87
1240,2025-01-15,867665,ATM Withdrawal,87.03
870,2025-01-15,374811,Payroll,263.29
1452,2025-01-15,330136,Retail,1303.14
250,2025-01-16,803749,ATM Withdrawal,48.19
562,2025-01-16,112791,Utilities,150.12
56,2025-01-16,740237,Utilities,355.85
1099,2025-01-16,800508,Online Payment,146.68
1871,2025-01-16,743708,Online Payment,382.0
902,2025-01-16,363838,Retail,485.98
1019,2025-01-16,593446,Retail,453.48
817,2025-01-16,659794,ATM Withdrawal,265.38
1806,2025-01-17,300230,Utilities,988.62
811,2025-01-17,142907,Retail,217.77
352,2025-01-17,817670,Retail,68.94
397,2025-01-17,253608,Utilities,1541.03
1110,2025-01-17,505785,Payroll,357.8
1286,2025-01-18,929923,ATM Withdrawal,499.48
1781,2025-01-18,907956,Utilities,933.38
1526,2025-01-18,514830,Retail,402.63
574,2025-01-18,387472,Payroll,661.34
1463,2025-01-18,162877,Wire Transfer,456.33
1518,2025-01-18,872280,Retail,1155.96
1270,2025-01-18,103371,ATM Withdrawal,423.37
1653,2025-01-19,305961,ATM Withdrawal,161.5
1464,2025-01-19,510807,Payroll,469.35
584,2025-01-19,389174,ATM Withdrawal,143.12
1453,2025-01-19,746883,Online Payment,116.44
848,2025-01-19,400271,ATM Withdrawal,247.66
699,2025-01-19,589381,ATM Withdrawal,36.1
1976,2025-01-19,302561,ATM Withdrawal,394.63
1642,2025-01-19,804606,ATM Withdrawal,760.75
898,2025-01-20,904037,ATM Withdrawal,287.07
887,2025-01-20,671949,ATM Withdrawal,165.89
1983,2025-01-20,773841,ATM Withdrawal,643.98
546,2025-01-20,156434,Online Payment,313.32
1979,2025-01-21,279144,Utilities,750.68
1021,2025-01-21,391145,ATM Withdrawal,427.94
858,2025-01-21,341270,ATM Withdrawal,5.34
1801,2025-01-21,747740,Wire Transfer,4930.2
1267,2025-01-21,808100,Online Payment,65.54
1026,2025-01-21,224255,Online Payment,221.3
542,2025-01-21,441040,Wire Transfer,3507.58
1136,2025-01-22,567464,Online Payment,852.1
1615,2025-01-22,936788,Utilities,169.95
150,2025-01-22,462515,ATM Withdrawal,273.95
1351,2025-01-23,723823,ATM Withdrawal,263.13
619,2025-01-23,237505,Utilities,336.46
1889,2025-01-23,629786,ATM Withdrawal,676.44
1411,2025-01-23,598679,Payroll,2484.88
1470,2025-01-23,207318,Online Payment,234.69
1456,2025-01-24,379954,Wire Transfer,515.3
279,2025-01-24,654369,Online Payment,102.57
36,2025-01-24,866132,Online Payment,299.68
518,2025-01-25,932903,Retail,424.94
45,2025-01-25,986022,Retail,1302.41
387,2025-01-25,406675,Utilities,558.99
1769,2025-01-25,405196,Retail,372.6
1035,2025-01-25,960325,ATM Withdrawal,341.39
1362,2025-01-25,868990,Online Payment,370.11
899,2025-01-26,893814,Online Payment,207.2
1022,2025-01-27,767699,ATM Withdrawal,278.27
1953,2025-01-27,255687,Retail,109.86
659,2025-01-27,449393,ATM Withdrawal,535.93
1834,2025-01-27,399868,Utilities,280.94
1253,2025-01-28,496319,Retail,246.89
1215,2025-01-28,792199,Retail,301.86
69,2025-01-28,606762,Payroll,1313.06
1911,2025-01-28,214747,Online Payment,186.35
1055,2025-01-28,597687,ATM Withdrawal,617.12
1571,2025-01-29,625670,Online Payment,253.57
1027,2025-01-29,988210,Retail,438.64
1588,2025-01-29,418606,ATM Withdrawal,196.25
127,2025-01-29,852956,Retail,725.23
217,2025-01-29,268882,Online Payment,230.84
439,2025-01-30,627279,Payroll,1841.34
1851,2025-01-30,486499,Retail,256.93
1096,2025-01-30,228148,Utilities,81.18
1256,2025-01-31,132374,Payroll,779.48
431,2025-01-31,249996,Wire Transfer,1815.36
1328,2025-01-31,891204,Online Payment,363.69
678,2025-01-31,540233,ATM Withdrawal,801.9
1361,2025-01-31,550510,Wire Transfer,2494.37
1122,2025-01-31,256485,ATM Withdrawal,445.54
246,2025-01-31,436467,Wire Transfer,966.93
280,2025-01-31,581329,Wire Transfer,766.31
196,2025-02-01,256285,Online Payment,196.92
753,2025-02-01,859866,ATM Withdrawal,189.81
7,2025-02-01,799407,ATM Withdrawal,415.4
881,2025-02-01,611754,ATM Withdrawal,327.25
695,2025-02-02,865573,ATM Withdrawal,66.18
1531,2025-02-02,683396,ATM Withdrawal,172.55
1931,2025-02-02,107941,Retail,159.17
172,2025-02-02,217603,Online Payment,226.27
1,2025-02-02,607145,Wire Transfer,950.82
1809,2025-02-02,316848,Wire Transfer,2077.57
1721,2025-02-02,235021,Wire Transfer,3198.5
728,2025-02-02,448575,Payroll,576.13
1543,2025-02-02,396470,Payroll,441.59
1633,2025-02-03,496338,Retail,204.08
33,2025-02-03,821306,Online Payment,614.45
826,2025-02-03,250183,Retail,128.06
359,2025-02-03,268086,Retail,192.6
133,2025-02-03,893659,Retail,107.42
910,2025-02-03,895479,Online Payment,223.03
376,2025-02-04,917063,Online Payment,193.05
243,2025-02-04,791936,ATM Withdrawal,274.23
581,2025-02-04,420421,Retail,129.93
977,2025-02-04,462557,Retail,409.27
951,2025-02-04,123196,Utilities,170.77
10,2025-02-04,906741,ATM Withdrawal,472.13
674,2025-02-04,432481,Retail,791.85
1690,2025-02-04,438665,Utilities,67.81
791,2025-02-04,426014,Retail,344.54
700,2025-02-04,533899,Payroll,167.92
1842,2025-02-05,229504,Retail,276.84
87,2025-02-05,918618,Utilities,300.88
218,2025-02-05,276084,Payroll,598.92
1788,2025-02-06,118564,Wire Transfer,2851.99
1738,2025-02-06,717087,Retail,157.25
588,2025-02-06,587874,Online Payment,194.39
1880,2025-02-06,446077,Retail,511.28
891,2025-02-06,121583,Retail,263.53
580,2025-02-07,583616,Wire Transfer,971.66
1436,2025-02-07,619397,Retail,304.09
1289,2025-02-07,918099,ATM Withdrawal,392.58
258,2025-02-07,861844,Online Payment,80.69
1450,2025-02-07,329516,Payroll,1445.39
1359,2025-02-07,741591,Online Payment,319.12
1855,2025-02-08,175150,Wire Transfer,2994.61
1730,2025-02-08,833292,ATM Withdrawal,1317.35
1166,2025-02-08,453666,Retail,370.93
818,2025-02-08,117724,Online Payment,785.98
583,2025-02-08,251194,Online Payment,285.48
1827,2025-02-08,320488,Wire Transfer,1072.91
171,2025-02-08,653501,Utilities,687.38
516,2025-02-08,922447,ATM Withdrawal,338.56
460,2025-02-08,592134,Retail,113.03
480,2025-02-09,133168,Payroll,75.12
1227,2025-02-09,870952,Utilities,191.49
310,2025-02-09,149130,Utilities,358.93
322,2025-02-09,926523,ATM Withdrawal,310.95
1272,2025-02-09,872619,ATM Withdrawal,548.58
1538,2025-02-10,213982,Online Payment,10.35
1489,2025-02-10,812858,Utilities,508.34
1484,2025-02-10,919687,Online Payment,178.08
1867,2025-02-10,938036,Retail,7.4
1816,2025-02-10,619295,Retail,459.32
1466,2025-02-10,708199,Payroll,1904.33
808,2025-02-10,744702,Online Payment,256.62
873,2025-02-11,343966,Utilities,248.61
1579,2025-02-11,423074,Payroll,2192.37
501,2025-02-11,750602,ATM Withdrawal,237.55
1321,2025-02-11,183364,Payroll,2190.08
1216,2025-02-11,511324,Online Payment,621.52
120,2025-02-11,553375,ATM Withdrawal,169.02
365,2025-02-12,817037,Retail,995.04
1020,2025-02-12,387896,Utilities,390.88
538,2025-02-12,415468,Payroll,541.82
726,2025-02-12,514770,Online Payment,220.81
313,2025-02-13,394377,Retail,76.06
1157,2025-02-13,431760,ATM Withdrawal,495.14
724,2025-02-13,418127,Wire Transfer,756.73
946,2025-02-13,811583,Retail,650.86
778,2025-02-13,121645,Online Payment,1057.14
1343,2025-02-13,554422,Retail,450.32
863,2025-02-13,290367,Online Payment,339.22
1946,2025-02-13,796264,Online Payment,438.68
497,2025-02-13,399606,Wire Transfer,2120.25
1050,2025-02-13,102320,ATM Withdrawal,152.18
198,2025-02-13,661023,Retail,567.28
783,2025-02-14,614967,Online Payment,540.45
784,2025-02-14,269402,Retail,796.59
386,2025-02-14,529414,Online Payment,378.99
1619,2025-02-14,686456,Wire Transfer,2100.21
418,2025-02-14,394317,Online Payment,298.35
1876,2025-02-14,544355,Wire Transfer,3188.67
1605,2025-02-15,886035,Online Payment,227.04
1928,2025-02-15,186882,Online Payment,65.9
436,2025-02-15,349113,Online Payment,357.02
1238,2025-02-15,804689,Payroll,195.38
874,2025-02-15,149173,ATM Withdrawal,753.69
1610,2025-02-15,747874,Utilities,903.04
759,2025-02-16,268341,Retail,180.81
1630,2025-02-16,356657,Wire Transfer,301.77
1005,2025-02-16,443933,ATM Withdrawal,489.86
1805,2025-02-16,425279,Online Payment,383.49
221,2025-02-16,497455,ATM Withdrawal,435.76
18,2025-02-16,686668,Online Payment,535.02
157,2025-02-16,607081,Online Payment,252.13
434,2025-02-17,485881,Wire Transfer,647.66
74,2025-02-17,787421,Retail,247.52
705,2025-02-17,632413,ATM Withdrawal,370.2
1776,2025-02-17,697981,Payroll,914.86
945,2025-02-17,910137,Retail,559.32
670,2025-02-18,688498,Online Payment,364.76
1895,2025-02-18,738664,Payroll,1496.14
443,2025-02-18,488832,Retail,338.04
414,2025-02-18,973748,Utilities,415.01
948,2025-02-18,599013,ATM Withdrawal,334.14
1645,2025-02-18,253579,Retail,162.77
1926,2025-02-18,818643,Retail,674.35
823,2025-02-19,132208,Retail,252.98
1819,2025-02-19,275758,Online Payment,399.65
604,2025-02-19,185642,Retail,260.02
1358,2025-02-19,426487,Online Payment,483.61
1342,2025-02-19,474709,Payroll,956.69
1528,2025-02-20,958891,ATM Withdrawal,549.53
721,2025-02-20,989543,Utilities,124.63
682,2025-02-20,382749,Retail,336.24
1445,2025-02-20,723858,Utilities,213.79
1836,2025-02-20,878550,ATM Withdrawal,129.63
241,2025-02-21,186141,ATM Withdrawal,434.77
1187,2025-02-21,484682,ATM Withdrawal,307.03
306,2025-02-21,120164,Retail,206.11
620,2025-02-21,195058,Retail,1148.56
118,2025-02-21,119624,Retail,200.61
462,2025-02-21,356547,Payroll,812.36
1090,2025-02-21,785584,Payroll,927.69
329,2025-02-21,308601,Retail,629.18
769,2025-02-21,704458,Utilities,653.76
100,2025-02-21,627716,Payroll,423.38
1063,2025-02-22,148469,Payroll,279.97
408,2025-02-22,380248,Retail,603.27
528,2025-02-22,593527,Retail,373.8
834,2025-02-22,794158,Retail,417.14
1612,2025-02-22,586340,Utilities,1882.83
1963,2025-02-22,338091,Payroll,2018.73
256,2025-02-22,533853,Payroll,1150.17
924,2025-02-22,168093,Online Payment,317.86
1607,2025-02-23,910431,Online Payment,270.13
1935,2025-02-23,980608,Online Payment,72.02
522,2025-02-23,856306,Payroll,31.82
752,2025-02-23,337889,ATM Withdrawal,272.52
975,2025-02-23,562789,ATM Withdrawal,236.85
1524,2025-02-24,861264,ATM Withdrawal,260.72
1104,2025-02-24,688662,Retail,659.73
457,2025-02-24,700907,Retail,26.14
1575,2025-02-24,962581,Utilities,50.59
1677,2025-02-24,913892,ATM Withdrawal,255.96
1698,2025-02-24,736237,Payroll,339.19
938,2025-02-24,430272,Retail,814.18
182,2025-02-25,409517,Online Payment,507.58
1481,2025-02-25,855784,ATM Withdrawal,436.89
1970,2025-02-25,500299,ATM Withdrawal,799.08
357,2025-02-25,878963,Retail,192.09
390,2025-02-25,507202,Retail,471.13
273,2025-02-25,106992,Retail,719.83
961,2025-02-26,661121,Retail,22.69
884,2025-02-26,368496,Wire Transfer,3310.04
536,2025-02-26,483221,Wire Transfer,1876.04
1046,2025-02-26,619276,Payroll,1520.06
1537,2025-02-26,953565,Retail,96.88
58,2025-02-26,240601,Retail,266.21
533,2025-02-26,963151,Utilities,107.4
1406,2025-02-26,826469,ATM Withdrawal,403.84
1229,2025-02-26,453858,ATM Withdrawal,1014.79
847,2025-02-27,331619,Retail,334.01
750,2025-02-27,811371,Wire Transfer,3093.08
937,2025-02-27,834855,Retail,92.41
1655,2025-02-27,293337,ATM Withdrawal,364.46
1947,2025-02-27,213328,Retail,190.97
1854,2025-02-28,946380,Retail,272.75
1908,2025-02-28,436217,Retail,296.68
287,2025-02-28,702325,Utilities,161.2
83,2025-02-28,126191,ATM Withdrawal,242.93
1695,2025-02-28,194325,ATM Withdrawal,238.86
178,2025-02-28,723297,Utilities,187.65
1076,2025-03-01,385417,ATM Withdrawal,395.1
1556,2025-03-01,524110,ATM Withdrawal,174.05
1778,2025-03-01,996847,Wire Transfer,1997.34
1936,2025-03-01,671623,Utilities,193.09
1487,2025-03-01,335130,Retail,169.95
1596,2025-03-02,243210,Retail,534.4
41,2025-03-02,488501,Retail,141.36
532,2025-03-02,171297,ATM Withdrawal,431.22
1941,2025-03-02,653737,Retail,1130.24
1637,2025-03-02,723566,Payroll,272.83
187,2025-03-02,887951,Retail,253.01
623,2025-03-02,215030,Online Payment,132.5
467,2025-03-02,423105,ATM Withdrawal,606.92
350,2025-03-02,922187,ATM Withdrawal,593.33
1850,2025-03-02,798715,Utilities,89.7
1078,2025-03-02,730230,ATM Withdrawal,359.08
168,2025-03-02,816376,Retail,29.55
685,2025-03-03,192955,ATM Withdrawal,225.36
703,2025-03-03,766520,ATM Withdrawal,173.82
262,2025-03-04,360902,Retail,109.64
1193,2025-03-04,516713,Retail,126.99
704,2025-03-04,134575,Payroll,623.47
1433,2025-03-04,231928,Payroll,301.29
411,2025-03-05,850281,Retail,230.5
1032,2025-03-05,952927,Retail,202.69
259,2025-03-05,957878,Utilities,343.48
544,2025-03-05,950496,Utilities,227.31
908,2025-03-05,366188,ATM Withdrawal,38.73
1616,2025-03-05,381083,Retail,659.32
1174,2025-03-06,291309,Online Payment,514.9
761,2025-03-06,500968,Utilities,329.68
230,2025-03-06,194570,Utilities,569.0
661,2025-03-06,760385,Online Payment,430.69
1405,2025-03-06,325614,Payroll,1015.53
1883,2025-03-06,917985,Payroll,1300.19
251,2025-03-07,959384,Retail,644.73
349,2025-03-07,259585,Retail,250.19
1886,2025-03-07,791855,ATM Withdrawal,124.13
392,2025-03-07,165332,Retail,316.66
1702,2025-03-07,353504,Utilities,288.87
564,2025-03-08,294481,Payroll,1696.44
1106,2025-03-08,941680,Payroll,681.52
635,2025-03-08,378610,Retail,629.2
1929,2025-03-08,539817,Online Payment,290.07
469,2025-03-08,754471,ATM Withdrawal,607.5
1639,2025-03-08,366448,ATM Withdrawal,401.11
23,2025-03-08,362572,Payroll,1190.78
912,2025-03-08,132971,Retail,192.02
1663,2025-03-09,719097,Online Payment,69.38
1432,2025-03-09,496119,Online Payment,97.01
1798,2025-03-09,379138,Online Payment,433.58
1891,2025-03-09,619423,Online Payment,69.17
1960,2025-03-10,765539,ATM Withdrawal,195.88
1326,2025-03-10,377141,Payroll,652.86
1345,2025-03-10,300690,ATM Withdrawal,366.63
1534,2025-03-10,134494,ATM Withdrawal,278.68
253,2025-03-10,575963,Online Payment,72.81
1523,2025-03-11,335178,Wire Transfer,1579.26
1178,2025-03-11,963718,Utilities,133.37
72,2025-03-11,405364,Retail,540.67
1651,2025-03-11,293249,Wire Transfer,5298.39
1113,2025-03-12,524297,Retail,598.22
1115,2025-03-12,479848,Retail,43.13
523,2025-03-12,885670,Retail,202.05
888,2025-03-12,714768,Online Payment,919.39
398,2025-03-13,455112,ATM Withdrawal,233.38
52,2025-03-13,222372,Retail,418.65
993,2025-03-13,225825,Online Payment,179.39
1770,2025-03-13,408460,Retail,69.1
543,2025-03-13,666930,Utilities,440.99
838,2025-03-14,255127,Utilities,241.25
1704,2025-03-14,905508,Payroll,843.82
102,2025-03-14,504365,Online Payment,223.19
1787,2025-03-14,798088,Retail,2.64
426,2025-03-14,937216,Utilities,313.54
1364,2025-03-15,822792,Retail,565.48
224,2025-03-15,571403,Utilities,142.35
1085,2025-03-15,979084,Utilities,486.3
9,2025-03-15,636436,Payroll,1516.36
872,2025-03-15,578753,Online Payment,215.8
664,2025-03-15,742549,Retail,408.41
653,2025-03-15,528215,Online Payment,1382.78
1796,2025-03-15,233444,ATM Withdrawal,335.91
339,2025-03-15,244069,Payroll,745.02
1740,2025-03-16,232390,Online Payment,435.58
1474,2025-03-17,508337,Payroll,861.89
1940,2025-03-17,723359,Online Payment,135.77
1872,2025-03-17,310514,Retail,265.18
1989,2025-03-18,123514,Retail,214.55
1072,2025-03-18,157399,ATM Withdrawal,622.03
1745,2025-03-18,975551,Utilities,174.34
735,2025-03-18,419854,Online Payment,164.53
1988,2025-03-19,549250,Retail,172.95
1710,2025-03-19,709862,ATM Withdrawal,688.63
1395,2025-03-20,950570,Retail,229.78
1582,2025-03-20,816829,Online Payment,83.38
142,2025-03-20,492774,Retail,63.95
964,2025-03-21,839071,ATM Withdrawal,565.81
903,2025-03-21,211697,ATM Withdrawal,244.05
1355,2025-03-22,586539,Online Payment,249.23
1257,2025-03-23,496454,Retail,445.57
363,2025-03-23,216862,Retail,199.33
1839,2025-03-23,632031,Online Payment,556.47
32,2025-03-24,385414,Utilities,308.46
976,2025-03-24,464002,Payroll,1067.83
78,2025-03-24,640801,Online Payment,300.72
1503,2025-03-25,214531,Retail,232.0
1512,2025-03-25,917165,Retail,137.43
567,2025-03-25,898790,Wire Transfer,2116.87
412,2025-03-25,882429,Payroll,800.67
626,2025-03-26,546764,Wire Transfer,4115.75
486,2025-03-26,617862,Online Payment,119.35
1479,2025-03-26,592298,Payroll,528.89
326,2025-03-26,315484,Online Payment,626.64
1545,2025-03-26,737631,Utilities,1200.9
1656,2025-03-26,178078,Online Payment,385.12
1112,2025-03-26,794446,Wire Transfer,4064.87
1291,2025-03-27,208394,Retail,345.34
637,2025-03-27,999450,Online Payment,333.28
148,2025-03-27,160564,Payroll,969.63
1386,2025-03-27,196602,Payroll,1710.8
1817,2025-03-27,663024,Online Payment,290.36
1877,2025-03-27,722964,Retail,241.39
1288,2025-03-27,141159,Wire Transfer,3013.27
566,2025-03-28,764486,Retail,314.81
327,2025-03-28,860925,Retail,145.4
1308,2025-03-28,363905,Online Payment,204.68
510,2025-03-28,182323,Payroll,1087.24
719,2025-03-28,405404,ATM Withdrawal,120.13
1609,2025-03-28,982342,Payroll,2033.94
384,2025-03-29,891139,Online Payment,86.76
97,2025-03-29,212568,Online Payment,76.44
1265,2025-03-29,919765,Retail,132.91
593,2025-03-29,773426,ATM Withdrawal,235.62
189,2025-03-29,998147,Retail,193.49
854,2025-03-29,840379,ATM Withdrawal,140.97
1047,2025-03-29,424895,Retail,134.96
832,2025-03-29,802461,Retail,183.4
1506,2025-03-30,181777,Utilities,489.62
1786,2025-03-30,821082,Online Payment,432.19
1251,2025-03-30,764630,ATM Withdrawal,598.82
1709,2025-03-30,832717,Online Payment,263.3
1402,2025-03-30,718996,Retail,157.48
1542,2025-03-30,192635,ATM Withdrawal,607.23
1124,2025-03-30,941812,Utilities,104.08
119,2025-03-31,260293,Retail,276.83
1892,2025-03-31,455249,Wire Transfer,2093.51
1107,2025-03-31,527377,ATM Withdrawal,380.8
857,2025-03-31,281064,Utilities,260.89
1454,2025-03-31,403599,Payroll,207.88
1811,2025-03-31,787527,ATM Withdrawal,210.37
1013,2025-03-31,558204,Utilities,618.83
315,2025-03-31,427999,ATM Withdrawal,347.7
989,2025-03-31,114998,Retail,607.92
831,2025-03-31,614650,Wire Transfer,875.79
1906,2025-03-31,496560,Utilities,211.48
925,2025-04-01,293339,Online Payment,633.58
508,2025-04-01,265786,Wire Transfer,6988.35
1904,2025-04-01,666138,Retail,138.35
1515,2025-04-01,629889,Online Payment,95.96
1563,2025-04-01,192824,Payroll,1803.76
617,2025-04-02,288368,Utilities,320.43
568,2025-04-02,869889,ATM Withdrawal,448.38
483,2025-04-02,616394,Retail,1046.58
1413,2025-04-02,693394,Retail,285.43
1852,2025-04-03,140590,Wire Transfer,3827.02
1818,2025-04-03,689855,Utilities,542.71
919,2025-04-03,202578,Retail,1332.82
1562,2025-04-03,481132,Payroll,1527.51
1660,2025-04-03,755972,Utilities,466.2
1307,2025-04-03,671344,Retail,154.96
696,2025-04-03,202157,ATM Withdrawal,488.68
1942,2025-04-03,379642,Utilities,100.01
346,2025-04-04,219454,Retail,370.41
933,2025-04-04,689702,Online Payment,330.28
1425,2025-04-04,327757,Retail,278.69
1804,2025-04-05,190970,ATM Withdrawal,550.53
1179,2025-04-05,244040,Online Payment,408.66
211,2025-04-06,919521,ATM Withdrawal,133.54
1297,2025-04-06,608891,Retail,190.0
1502,2025-04-06,729776,Payroll,2310.01
380,2025-04-06,510679,Utilities,566.68
209,2025-04-07,881927,Utilities,322.42
1459,2025-04-07,888603,Online Payment,401.52
1701,2025-04-07,333494,Utilities,120.67
1882,2025-04-07,957043,Online Payment,549.73
1621,2025-04-07,454847,Wire Transfer,1843.76
618,2025-04-08,186871,Online Payment,110.15
1261,2025-04-08,512057,Retail,416.17
206,2025-04-08,641291,Retail,343.11
292,2025-04-08,503472,Utilities,333.7
1673,2025-04-08,472490,Retail,281.54
1429,2025-04-08,286166,ATM Withdrawal,321.78
744,2025-04-09,595113,Retail,353.42
890,2025-04-09,927577,Payroll,1364.88
779,2025-04-09,167554,Retail,431.77
509,2025-04-09,231211,Retail,170.34
1011,2025-04-09,406285,Utilities,328.43
1123,2025-04-09,819249,Retail,507.33
1640,2025-04-10,165919,Retail,515.59
216,2025-04-10,347646,Wire Transfer,463.04
143,2025-04-11,446611,ATM Withdrawal,808.53
281,2025-04-11,560539,Utilities,808.34
505,2025-04-11,423765,Retail,584.82
1322,2025-04-11,810542,Retail,83.32
1491,2025-04-11,277183,Retail,224.35
413,2025-04-12,122874,ATM Withdrawal,208.38
1192,2025-04-12,697183,Payroll,1410.0
950,2025-04-12,439652,ATM Withdrawal,409.03
39,2025-04-12,977366,Retail,587.99
1794,2025-04-12,463965,Payroll,606.67
111,2025-04-12,406564,Wire Transfer,2358.98
1551,2025-04-13,368230,Online Payment,153.08
1028,2025-04-13,475602,Retail,767.29
1999,2025-04-13,366324,Retail,400.05
2000,2025-04-13,686262,Online Payment,199.12
314,2025-04-13,666018,Online Payment,739.2
399,2025-04-13,307768,Wire Transfer,1902.29
152,2025-04-13,334529,Retail,460.15
573,2025-04-14,684358,Wire Transfer,1940.13
1209,2025-04-14,140756,Wire Transfer,390.56
1917,2025-04-14,982385,Retail,203.32
1382,2025-04-14,892880,Online Payment,402.04
1410,2025-04-14,109037,Online Payment,285.64
534,2025-04-14,961496,ATM Withdrawal,95.91
814,2025-04-14,705192,Wire Transfer,5240.78
299,2025-04-14,779617,ATM Withdrawal,91.88
450,2025-04-15,911557,Online Payment,58.58
1993,2025-04-15,855904,Retail,207.77
1230,2025-04-16,911571,Online Payment,784.03
481,2025-04-16,661951,ATM Withdrawal,45.81
1483,2025-04-16,623115,ATM Withdrawal,123.13
841,2025-04-16,789028,Payroll,1282.39
495,2025-04-16,115298,Wire Transfer,5353.04
855,2025-04-16,196520,Retail,108.68
660,2025-04-16,892049,ATM Withdrawal,743.73
96,2025-04-16,273774,Retail,788.96
1561,2025-04-17,919696,Utilities,122.46
342,2025-04-17,177283,ATM Withdrawal,1266.76
1114,2025-04-17,431071,Payroll,960.84
154,2025-04-18,392436,Utilities,395.31
271,2025-04-18,228118,ATM Withdrawal,34.07
1646,2025-04-18,332114,ATM Withdrawal,270.71
1820,2025-04-18,621651,Retail,522.59
1451,2025-04-18,334662,Utilities,249.45
796,2025-04-18,659365,ATM Withdrawal,386.1
1581,2025-04-19,661266,Retail,85.13
638,2025-04-19,936045,Online Payment,425.24
1338,2025-04-19,169607,ATM Withdrawal,439.79
1907,2025-04-19,945426,Retail,405.35
1239,2025-04-19,689441,ATM Withdrawal,633.38
1862,2025-04-19,635426,Retail,410.41
419,2025-04-19,283261,ATM Withdrawal,204.92
928,2025-04-20,107843,Retail,177.62
971,2025-04-20,697969,Retail,618.53
1403,2025-04-20,731265,ATM Withdrawal,375.55
263,2025-04-20,516654,Wire Transfer,625.5
353,2025-04-20,945492,ATM Withdrawal,191.58
442,2025-04-20,897074,Utilities,606.45
1400,2025-04-20,875104,ATM Withdrawal,115.5
1316,2025-04-20,947626,Retail,132.15
1601,2025-04-21,226888,Online Payment,34.52
136,2025-04-21,930098,Payroll,1359.21
190,2025-04-21,462095,Wire Transfer,7323.14
802,2025-04-21,590660,Payroll,439.67
307,2025-04-21,781250,Online Payment,77.16
1367,2025-04-21,671355,Payroll,1083.41
1823,2025-04-21,952666,ATM Withdrawal,101.1
1476,2025-04-21,139579,Retail,284.88
1391,2025-04-22,802929,Utilities,134.82
1155,2025-04-22,436641,Online Payment,588.75
952,2025-04-22,231147,Retail,97.48
1838,2025-04-22,114804,ATM Withdrawal,165.8
226,2025-04-22,222063,ATM Withdrawal,306.56
1105,2025-04-22,725912,Retail,636.81
239,2025-04-23,963939,Retail,808.37
1779,2025-04-23,603388,ATM Withdrawal,595.69
1186,2025-04-23,128442,ATM Withdrawal,427.61
400,2025-04-24,448140,Retail,896.75
333,2025-04-24,420900,ATM Withdrawal,205.14
1060,2025-04-24,127829,Online Payment,520.05
526,2025-04-24,840511,Retail,505.87
749,2025-04-25,152158,Retail,532.15
1034,2025-04-25,911705,Wire Transfer,2092.33
1462,2025-04-25,744063,ATM Withdrawal,557.41
447,2025-04-25,606768,Utilities,99.25
88,2025-04-25,827845,ATM Withdrawal,19.36
1014,2025-04-25,716348,Retail,801.55
748,2025-04-25,364231,Wire Transfer,2139.79
1821,2025-04-25,337264,ATM Withdrawal,118.24
309,2025-04-26,238340,Utilities,417.93
338,2025-04-26,765796,Payroll,1328.03
968,2025-04-26,654578,Retail,369.03
1586,2025-04-26,550377,Utilities,464.33
988,2025-04-26,907588,ATM Withdrawal,1062.94
368,2025-04-26,681560,Wire Transfer,126.26
1604,2025-04-26,489548,ATM Withdrawal,557.18
1177,2025-04-26,619879,Online Payment,343.19
799,2025-04-26,216559,Retail,469.68
1576,2025-04-27,875726,Online Payment,780.83
1756,2025-04-27,529485,Payroll,364.29
554,2025-04-27,215682,Retail,347.66
1435,2025-04-27,823915,Online Payment,379.33
1439,2025-04-27,970440,Retail,215.61
403,2025-04-27,211133,Utilities,784.28
1527,2025-04-27,587751,ATM Withdrawal,453.55
525,2025-04-27,163847,ATM Withdrawal,216.9
1404,2025-04-28,644426,Retail,10.03
1950,2025-04-28,902120,Retail,355.66
595,2025-04-28,915401,Utilities,426.24
1504,2025-04-28,907304,Online Payment,144.36
607,2025-04-28,661227,Online Payment,321.6
321,2025-04-28,632559,Payroll,467.26
167,2025-04-28,450442,ATM Withdrawal,126.94
1249,2025-04-29,457006,Payroll,717.37
66,2025-04-29,185392,Retail,430.22
1388,2025-04-29,773352,Utilities,209.03
646,2025-04-30,220784,Retail,636.98
1095,2025-04-30,252929,ATM Withdrawal,451.35
1915,2025-04-30,213049,Payroll,2951.1
632,2025-04-30,993385,ATM Withdrawal,485.83
1514,2025-05-01,858422,Retail,262.43
254,2025-05-01,663373,Online Payment,896.63
77,2025-05-01,376159,Payroll,371.75
1145,2025-05-01,865659,Online Payment,516.4
294,2025-05-02,917236,Wire Transfer,1052.05
1777,2025-05-02,956864,Retail,234.79
487,2025-05-02,205178,Utilities,98.32
1511,2025-05-02,115563,Retail,82.28
1494,2025-05-02,766870,ATM Withdrawal,672.83
1905,2025-05-02,780342,Online Payment,542.72
1069,2025-05-02,175476,Payroll,509.21
738,2025-05-02,917502,Retail,205.11
1030,2025-05-02,149703,Retail,282.73
371,2025-05-03,677138,Retail,193.2
169,2025-05-03,375959,ATM Withdrawal,511.49
1782,2025-05-04,955468,Retail,391.59
1900,2025-05-04,240619,Retail,64.17
1176,2025-05-04,315531,Payroll,747.53
627,2025-05-04,238342,ATM Withdrawal,78.7
199,2025-05-04,617985,Utilities,548.2
1142,2025-05-04,606896,Payroll,319.03
1771,2025-05-04,221792,ATM Withdrawal,393.44
1974,2025-05-05,414782,ATM Withdrawal,363.71
1978,2025-05-05,808986,Retail,264.07
1330,2025-05-05,503958,Payroll,1165.0
1160,2025-05-05,174771,Payroll,999.84
1357,2025-05-06,315135,ATM Withdrawal,239.87
1647,2025-05-06,660572,Online Payment,208.59
197,2025-05-06,419344,Utilities,244.77
1372,2025-05-06,899551,Online Payment,202.77
1711,2025-05-06,559258,Online Payment,393.63
991,2025-05-06,720491,Retail,328.54
1793,2025-05-06,833807,Utilities,135.97
139,2025-05-07,501895,Online Payment,192.76
1407,2025-05-07,598663,ATM Withdrawal,234.59
268,2025-05-07,518896,Retail,290.09
1236,2025-05-07,429270,Online Payment,741.04
1383,2025-05-07,418747,Retail,208.18
1592,2025-05-07,958026,Online Payment,1247.95
1757,2025-05-08,871551,Retail,463.86
1312,2025-05-08,210821,ATM Withdrawal,242.43
979,2025-05-09,132205,ATM Withdrawal,511.82
1363,2025-05-09,259163,Wire Transfer,2956.05
44,2025-05-10,217420,Retail,255.03
1831,2025-05-10,448313,Payroll,745.14
1685,2025-05-11,152686,Wire Transfer,2500.21
521,2025-05-11,139426,Retail,71.49
998,2025-05-12,906905,Utilities,840.08
1699,2025-05-12,227720,ATM Withdrawal,102.9
1572,2025-05-12,264445,Wire Transfer,1319.75
1927,2025-05-12,986223,ATM Withdrawal,345.71
1925,2025-05-12,504213,ATM Withdrawal,33.14
765,2025-05-12,180641,Payroll,759.03
53,2025-05-13,539409,Utilities,282.38
746,2025-05-13,791934,Wire Transfer,1953.5
194,2025-05-13,136474,Retail,389.63
301,2025-05-13,540674,ATM Withdrawal,387.72
1773,2025-05-13,531221,ATM Withdrawal,490.78
63,2025-05-14,323945,Retail,301.98
201,2025-05-14,981256,Retail,726.77
1360,2025-05-14,118803,Utilities,141.15
630,2025-05-14,268053,ATM Withdrawal,287.47
1138,2025-05-14,443990,Wire Transfer,1746.27
1052,2025-05-14,547228,Utilities,171.84
393,2025-05-15,830415,ATM Withdrawal,153.15
1271,2025-05-15,587304,Online Payment,574.85
628,2025-05-15,773875,Online Payment,429.56
1864,2025-05-16,895409,Wire Transfer,1102.83
909,2025-05-16,983226,Online Payment,80.39
332,2025-05-16,453174,ATM Withdrawal,432.74
1937,2025-05-16,990159,Utilities,60.97
68,2025-05-16,866795,Payroll,1399.58
1967,2025-05-16,140142,Online Payment,345.62
22,2025-05-16,106103,Retail,221.05
1151,2025-05-16,547556,Retail,448.02
1044,2025-05-16,898237,Payroll,327.19
1857,2025-05-17,853398,Retail,524.53
374,2025-05-17,171310,Online Payment,1005.43
498,2025-05-17,690311,Payroll,1285.46
576,2025-05-17,999873,Retail,361.64
1268,2025-05-17,727067,Utilities,828.67
1748,2025-05-18,779980,Retail,135.22
913,2025-05-18,694818,Online Payment,520.17
1772,2025-05-18,544729,Utilities,375.45
770,2025-05-18,769397,Utilities,360.53
1718,2025-05-19,446315,Wire Transfer,2642.59
1945,2025-05-19,619696,Utilities,574.65
634,2025-05-19,245369,ATM Withdrawal,383.95
379,2025-05-19,289064,ATM Withdrawal,74.19
758,2025-05-20,119487,Retail,563.36
188,2025-05-20,645854,Retail,410.8
1593,2025-05-20,845990,Retail,398.47
1285,2025-05-20,863858,ATM Withdrawal,749.07
614,2025-05-21,889870,ATM Withdrawal,302.63
1881,2025-05-21,776202,Retail,116.09
1159,2025-05-21,128545,Retail,477.06
1468,2025-05-21,102696,Online Payment,422.93
1017,2025-05-21,953820,Retail,82.12
1761,2025-05-21,949713,Wire Transfer,1586.5
94,2025-05-22,959071,Retail,187.52
1066,2025-05-22,734298,ATM Withdrawal,448.83
1629,2025-05-22,274394,Utilities,151.24
1385,2025-05-22,535058,Retail,285.14
809,2025-05-23,801203,Utilities,84.83
1173,2025-05-23,847225,Retail,58.43
1921,2025-05-24,580248,Retail,708.16
1478,2025-05-24,330758,Online Payment,155.8
1283,2025-05-24,912535,Retail,499.6
1774,2025-05-24,279376,Online Payment,367.84
1094,2025-05-24,798763,Retail,69.17
1352,2025-05-24,925535,ATM Withdrawal,95.69
552,2025-05-24,594467,Payroll,835.19
1694,2025-05-25,477226,Online Payment,501.09
1320,2025-05-25,322227,Utilities,88.91
1754,2025-05-25,861477,Payroll,1577.74
1666,2025-05-25,556394,Utilities,452.42
1168,2025-05-26,369773,ATM Withdrawal,243.29
440,2025-05-26,290388,Utilities,78.39
1302,2025-05-27,773664,Payroll,2266.25
1956,2025-05-27,310898,ATM Withdrawal,377.46
1847,2025-05-27,100982,Wire Transfer,5118.75
957,2025-05-27,390701,Retail,309.67
27,2025-05-27,295884,Retail,240.76
1866,2025-05-28,480233,Online Payment,371.86
585,2025-05-28,771898,Utilities,355.2
942,2025-05-28,862238,Online Payment,22.37
1340,2025-05-29,281123,Utilities,1031.98
1688,2025-05-29,832813,Wire Transfer,635.05
1131,2025-05-29,338829,Retail,585.17
687,2025-05-29,760047,Online Payment,642.55
164,2025-05-29,598475,Utilities,27.38
373,2025-05-30,129580,Utilities,78.32
65,2025-05-30,460673,Retail,684.72
144,2025-05-30,720945,ATM Withdrawal,375.79
1495,2025-05-30,857428,Retail,370.8
1762,2025-05-30,340405,Payroll,150.59
962,2025-05-30,915154,Retail,1016.74
163,2025-05-30,722546,Online Payment,209.1
1835,2025-05-30,965903,ATM Withdrawal,316.68
1875,2025-05-30,594651,ATM Withdrawal,152.63
1252,2025-05-31,101211,Payroll,748.1
960,2025-05-31,434014,Online Payment,987.32
496,2025-05-31,348516,Retail,516.82
907,2025-05-31,178501,Online Payment,325.98
1719,2025-05-31,673290,ATM Withdrawal,343.97
1888,2025-05-31,109575,Online Payment,375.56
1309,2025-06-01,103477,ATM Withdrawal,331.93
1191,2025-06-01,262857,Payroll,894.24
1635,2025-06-01,104276,Retail,149.95
1584,2025-06-01,453143,Payroll,358.14
1043,2025-06-01,944877,Utilities,615.39
1485,2025-06-01,535102,Utilities,63.59
572,2025-06-01,450922,Retail,409.22
248,2025-06-01,645263,Utilities,309.45
1079,2025-06-02,723043,Wire Transfer,806.8
464,2025-06-02,890133,Utilities,335.55
1480,2025-06-02,714782,Retail,718.79
425,2025-06-02,970912,ATM Withdrawal,250.39
624,2025-06-02,354475,Retail,291.01
732,2025-06-02,532127,Retail,43.24
972,2025-06-02,369350,Wire Transfer,4598.73
1225,2025-06-02,459300,Utilities,637.39
275,2025-06-02,862296,ATM Withdrawal,627.03
165,2025-06-02,159268,ATM Withdrawal,542.48
929,2025-06-02,932930,Payroll,1766.26
1374,2025-06-03,141702,Online Payment,472.07
1185,2025-06-03,678067,ATM Withdrawal,352.92
1678,2025-06-03,972067,ATM Withdrawal,321.14
777,2025-06-04,522949,Retail,200.44
1059,2025-06-04,179988,ATM Withdrawal,680.37
1437,2025-06-05,267155,Wire Transfer,1199.45
1333,2025-06-05,886274,ATM Withdrawal,403.57
500,2025-06-05,531157,Retail,245.16
1841,2025-06-05,428350,Online Payment,151.76
547,2025-06-06,573968,ATM Withdrawal,292.06
1687,2025-06-06,853910,Retail,64.34
954,2025-06-06,997921,Utilities,529.84
994,2025-06-07,158665,Payroll,838.88
1153,2025-06-07,705897,ATM Withdrawal,286.06
795,2025-06-07,774298,Online Payment,585.85
238,2025-06-07,989794,ATM Withdrawal,372.57
473,2025-06-07,761595,ATM Withdrawal,504.42
1741,2025-06-07,906564,Utilities,195.25
1496,2025-06-07,141940,Online Payment,234.57
633,2025-06-08,586211,Online Payment,610.06
5,2025-06-08,156402,Online Payment,117.22
621,2025-06-08,576469,Online Payment,427.43
1924,2025-06-08,433329,Retail,59.49
435,2025-06-08,227083,Utilities,481.43
155,2025-06-08,372435,Retail,305.46
1100,2025-06-08,480437,Retail,100.79
1444,2025-06-08,470742,Retail,313.24
91,2025-06-08,439571,Retail,219.28
407,2025-06-08,389317,Retail,61.28
354,2025-06-08,205046,Retail,174.58
82,2025-06-09,761232,Retail,28.9
1992,2025-06-09,957086,Wire Transfer,3561.18
756,2025-06-09,244655,Online Payment,681.27
140,2025-06-09,332967,Payroll,948.23
1039,2025-06-09,546102,ATM Withdrawal,350.91
1418,2025-06-10,737378,Payroll,781.64
1220,2025-06-10,610593,Payroll,270.32
121,2025-06-10,334416,Online Payment,138.52
298,2025-06-10,145858,Retail,297.0
4,2025-06-10,711201,Retail,467.37
935,2025-06-11,743044,Utilities,472.41
285,2025-06-11,420960,Utilities,149.38
800,2025-06-11,642867,Online Payment,1133.16
30,2025-06-11,997980,ATM Withdrawal,467.16
1293,2025-06-11,125187,Payroll,3226.46
1729,2025-06-12,909576,Online Payment,404.62
1263,2025-06-12,834616,ATM Withdrawal,160.73
689,2025-06-12,355246,Utilities,110.03
47,2025-06-12,123035,Wire Transfer,2436.3
869,2025-06-12,913146,ATM Withdrawal,91.66
186,2025-06-12,983983,Online Payment,480.32
923,2025-06-12,646838,Retail,356.86
883,2025-06-13,701662,Online Payment,383.83
1184,2025-06-13,932019,Retail,287.19
1643,2025-06-13,163003,Online Payment,526.22
1473,2025-06-13,357723,Retail,718.12
219,2025-06-13,326943,Utilities,492.11
1319,2025-06-13,146993,Retail,271.39
267,2025-06-13,126992,ATM Withdrawal,431.46
1092,2025-06-13,814057,Wire Transfer,2058.42
1057,2025-06-14,538634,Payroll,995.04
1890,2025-06-14,130630,ATM Withdrawal,123.84
1919,2025-06-14,481873,Online Payment,512.89
214,2025-06-14,744030,Retail,974.21
1373,2025-06-14,888396,ATM Withdrawal,156.14
20,2025-06-14,459239,Utilities,472.73
1331,2025-06-14,280434,Online Payment,1001.53
31,2025-06-14,889160,Wire Transfer,1338.19
1368,2025-06-15,241455,Retail,494.27
792,2025-06-15,968007,Retail,397.61
1803,2025-06-15,709187,ATM Withdrawal,392.66
506,2025-06-15,841034,Payroll,1201.88
1566,2025-06-15,918162,Payroll,1166.52
1853,2025-06-15,542879,Utilities,365.97
833,2025-06-15,721276,ATM Withdrawal,128.89
1743,2025-06-16,934243,Utilities,290.36
871,2025-06-16,524623,Payroll,614.63
537,2025-06-16,466128,Retail,199.43
205,2025-06-16,981208,Utilities,392.93
1458,2025-06-16,931811,Wire Transfer,1036.06
222,2025-06-16,278326,Retail,1173.69
335,2025-06-17,581066,Retail,273.15
798,2025-06-17,625276,Utilities,761.49
1555,2025-06-17,735516,ATM Withdrawal,449.48
916,2025-06-17,915562,Retail,118.51
114,2025-06-17,277119,Payroll,1530.76
905,2025-06-17,147829,Retail,586.5
485,2025-06-18,727496,ATM Withdrawal,172.25
176,2025-06-18,734316,ATM Withdrawal,396.14
647,2025-06-18,891779,Payroll,1259.02
1520,2025-06-18,992064,ATM Withdrawal,321.93
939,2025-06-18,227131,Payroll,1360.78
612,2025-06-18,285481,Retail,711.4
1213,2025-06-18,847791,Retail,327.56
73,2025-06-18,414908,ATM Withdrawal,241.19
1954,2025-06-19,618406,Utilities,141.97
1248,2025-06-19,577478,Payroll,291.78
231,2025-06-19,760377,Retail,508.72
54,2025-06-20,309458,ATM Withdrawal,108.38
1802,2025-06-20,177569,ATM Withdrawal,236.99
277,2025-06-20,975474,Retail,467.52
710,2025-06-20,103133,ATM Withdrawal,52.78
1768,2025-06-20,207426,ATM Withdrawal,770.74
474,2025-06-20,529060,ATM Withdrawal,215.65
1075,2025-06-20,980286,ATM Withdrawal,363.29
1499,2025-06-20,651585,Retail,172.95
1697,2025-06-21,946965,Online Payment,344.41
1712,2025-06-21,619472,Payroll,1970.76
70,2025-06-21,751574,ATM Withdrawal,494.07
1431,2025-06-21,811246,Retail,214.79
367,2025-06-21,583070,Payroll,790.47
1102,2025-06-21,992336,Utilities,254.54
1968,2025-06-21,110744,Retail,76.67
124,2025-06-21,761900,ATM Withdrawal,162.86
290,2025-06-22,143973,ATM Withdrawal,517.38
1789,2025-06-22,732139,Online Payment,135.93
109,2025-06-22,154594,Retail,472.4
944,2025-06-23,244435,Retail,401.87
974,2025-06-23,733334,Retail,700.49
1420,2025-06-23,658488,Retail,455.4
519,2025-06-23,547199,Utilities,151.32
76,2025-06-23,755468,Retail,223.64
1541,2025-06-23,126468,Online Payment,318.46
709,2025-06-23,417317,Utilities,135.55
973,2025-06-24,568794,Retail,157.18
1795,2025-06-24,856075,ATM Withdrawal,225.2
1799,2025-06-24,969334,Utilities,52.5
622,2025-06-24,278023,ATM Withdrawal,89.31
1202,2025-06-24,755573,Online Payment,135.16
768,2025-06-24,909050,ATM Withdrawal,628.35
785,2025-06-24,430138,ATM Withdrawal,310.83
1508,2025-06-25,774296,Retail,804.9
644,2025-06-25,743942,Retail,190.08
1932,2025-06-25,825497,Retail,231.35
1808,2025-06-25,627658,Utilities,449.06
1101,2025-06-25,250356,ATM Withdrawal,619.34
1517,2025-06-26,724794,Wire Transfer,966.96
1146,2025-06-26,813113,ATM Withdrawal,716.71
276,2025-06-26,808079,Retail,262.12
1031,2025-06-27,250950,Retail,105.61
282,2025-06-27,562544,Online Payment,540.57
444,2025-06-28,425055,ATM Withdrawal,486.91
729,2025-06-28,502127,Retail,444.14
1244,2025-06-28,658066,Retail,588.3
1492,2025-06-28,362593,Retail,148.99
1116,2025-06-28,669257,Payroll,547.17
651,2025-06-28,996439,Online Payment,675.26
1918,2025-06-29,125707,Wire Transfer,4725.19
718,2025-06-29,638271,Payroll,201.25
235,2025-06-29,867704,Retail,643.11
1477,2025-06-29,732866,Online Payment,306.07
563,2025-06-29,219951,Wire Transfer,2401.13
284,2025-06-29,868069,Payroll,744.89
1018,2025-06-30,860099,Payroll,1104.01
1814,2025-06-30,367326,Utilities,874.18
252,2025-06-30,428118,Retail,263.74
1519,2025-06-30,130085,ATM Withdrawal,166.03
185,2025-06-30,585114,Wire Transfer,5836.64
1120,2025-06-30,992735,Online Payment,805.42
1353,2025-06-30,861951,Retail,136.86
1549,2025-06-30,423741,Payroll,1239.69
203,2025-06-30,947596,ATM Withdrawal,536.86
183,2025-07-01,891098,ATM Withdrawal,113.14
55,2025-07-01,342591,ATM Withdrawal,61.22
1356,2025-07-01,985911,Retail,461.2
180,2025-07-02,436870,Utilities,585.65
406,2025-07-02,656207,Retail,679.33
405,2025-07-02,750325,Online Payment,124.59
1162,2025-07-02,559373,Wire Transfer,1018.13
453,2025-07-02,971524,Retail,366.35
21,2025-07-02,678859,Retail,386.21
667,2025-07-03,745343,Wire Transfer,140.07
1053,2025-07-03,807829,Wire Transfer,2756.75
1379,2025-07-03,275607,Online Payment,512.79
1737,2025-07-03,499615,Utilities,147.38
1008,2025-07-03,462916,Online Payment,620.01
1091,2025-07-03,281703,Payroll,145.88
420,2025-07-04,142733,Utilities,573.1
876,2025-07-04,201132,Retail,47.59
556,2025-07-04,131014,Retail,322.52
1152,2025-07-04,401962,Retail,468.49
1767,2025-07-04,149953,Utilities,346.02
159,2025-07-04,415179,Payroll,1576.62
115,2025-07-04,541653,Payroll,3075.29
629,2025-07-04,540605,Utilities,62.08
1217,2025-07-05,494010,Wire Transfer,2384.9
940,2025-07-05,332683,Payroll,505.49
1490,2025-07-05,383043,Retail,382.7
1618,2025-07-05,614901,ATM Withdrawal,685.94
445,2025-07-05,357485,Online Payment,358.14
1051,2025-07-05,728354,Wire Transfer,636.81
1241,2025-07-05,494345,Online Payment,26.99
897,2025-07-05,332229,Online Payment,322.49
344,2025-07-07,242425,Online Payment,670.75
1000,2025-07-07,791516,Retail,859.34
1296,2025-07-07,508916,Online Payment,349.74
1680,2025-07-07,724722,Utilities,541.95
17,2025-07-07,364143,Retail,329.05
1442,2025-07-07,424579,Online Payment,759.95
608,2025-07-07,692373,Retail,627.78
1207,2025-07-08,346319,ATM Withdrawal,222.6
717,2025-07-08,347513,Retail,296.1
549,2025-07-08,308241,ATM Withdrawal,404.94
1460,2025-07-08,460633,ATM Withdrawal,232.37
1720,2025-07-08,287562,Payroll,1629.93
1916,2025-07-08,336095,Wire Transfer,2736.98
803,2025-07-08,377596,Retail,371.73
1165,2025-07-08,302311,ATM Withdrawal,519.82
1583,2025-07-08,950648,ATM Withdrawal,376.37
701,2025-07-09,255845,Retail,137.42
1686,2025-07-09,641616,ATM Withdrawal,269.23
1015,2025-07-09,264108,Utilities,155.45
1010,2025-07-09,828038,Retail,225.17
366,2025-07-09,230006,Retail,364.51
449,2025-07-10,937832,Retail,947.25
296,2025-07-10,740562,Utilities,61.68
893,2025-07-10,592402,Retail,204.61
679,2025-07-10,582931,Payroll,1434.91
712,2025-07-10,291512,ATM Withdrawal,158.05
1849,2025-07-10,879485,Online Payment,173.03
1800,2025-07-10,601196,ATM Withdrawal,260.1
1074,2025-07-11,446499,Retail,1699.92
1311,2025-07-11,754800,Payroll,494.26
578,2025-07-11,792405,ATM Withdrawal,278.47
1195,2025-07-11,435726,Retail,982.42
1859,2025-07-11,253303,Wire Transfer,3012.52
1665,2025-07-11,562303,Utilities,614.27
11,2025-07-12,627581,Utilities,383.69
1957,2025-07-12,191838,Online Payment,306.03
997,2025-07-12,804661,Retail,766.74
1902,2025-07-13,266640,Retail,455.75
1164,2025-07-13,959652,Retail,232.95
995,2025-07-13,457321,Online Payment,256.8
1299,2025-07-13,416298,Retail,416.65
1991,2025-07-13,333963,Retail,260.49
488,2025-07-13,540063,Wire Transfer,1100.29
1392,2025-07-13,722133,Wire Transfer,1702.59
1147,2025-07-13,121424,Retail,600.9
1501,2025-07-13,135028,Retail,368.1
507,2025-07-13,478681,Online Payment,279.23
1920,2025-07-13,278412,Retail,206.63
1958,2025-07-14,229272,Payroll,3311.62
747,2025-07-14,440448,Payroll,2242.65
656,2025-07-14,301368,Utilities,394.28
1725,2025-07-14,112697,Retail,112.78
1669,2025-07-14,325816,ATM Withdrawal,455.15
1553,2025-07-14,297410,Online Payment,15.89
1341,2025-07-14,365190,Utilities,465.51
1335,2025-07-14,281400,Retail,62.1
351,2025-07-14,413309,Retail,160.94
1901,2025-07-15,309735,Online Payment,302.78
1636,2025-07-15,294752,Wire Transfer,3945.36
1922,2025-07-15,976287,Retail,86.37
561,2025-07-15,280151,Online Payment,757.48
606,2025-07-15,635494,Online Payment,191.28
648,2025-07-15,108696,Retail,493.02
931,2025-07-16,582589,Retail,360.19
1140,2025-07-16,693965,Online Payment,230.39
1848,2025-07-17,733469,Utilities,177.23
539,2025-07-17,589427,Retail,73.73
1259,2025-07-17,556918,ATM Withdrawal,176.84
877,2025-07-17,708111,Utilities,658.39
927,2025-07-17,111573,Utilities,116.76
1380,2025-07-17,677305,Retail,198.74
289,2025-07-17,650286,Retail,176.39
305,2025-07-18,288609,Payroll,1730.2
807,2025-07-18,530139,ATM Withdrawal,136.04
295,2025-07-18,907426,ATM Withdrawal,339.26
917,2025-07-18,463939,Retail,273.79
789,2025-07-18,671479,Retail,422.82
983,2025-07-19,131838,Wire Transfer,2069.49
29,2025-07-19,977437,Online Payment,379.6
229,2025-07-19,735025,Retail,134.13
331,2025-07-19,173419,ATM Withdrawal,255.09
57,2025-07-19,822956,ATM Withdrawal,772.41
879,2025-07-20,384844,Payroll,1530.41
1577,2025-07-20,374558,Online Payment,144.24
992,2025-07-20,800746,Online Payment,152.17
1323,2025-07-20,179351,Online Payment,876.97
1625,2025-07-21,618326,Online Payment,352.88
1997,2025-07-21,641974,Wire Transfer,312.87
1222,2025-07-21,330967,Payroll,716.12
655,2025-07-21,187931,Utilities,199.89
762,2025-07-21,999978,Retail,302.56
1840,2025-07-21,721759,Wire Transfer,3152.04
1497,2025-07-21,767072,Retail,462.73
1664,2025-07-22,288910,Payroll,393.59
34,2025-07-22,512959,Utilities,349.63
1365,2025-07-22,471186,Retail,751.51
1084,2025-07-22,575407,Retail,445.81
330,2025-07-22,781157,Retail,587.96
456,2025-07-22,218928,ATM Withdrawal,152.33
1258,2025-07-22,589561,Wire Transfer,2610.09
132,2025-07-22,203937,Utilities,451.74
755,2025-07-22,521950,Utilities,600.74
113,2025-07-22,692392,Retail,600.31
308,2025-07-22,606186,Retail,160.39
1938,2025-07-22,643120,Payroll,1448.98
1129,2025-07-23,575741,Wire Transfer,2071.74
1565,2025-07-23,234720,Retail,603.88
1003,2025-07-23,189403,Online Payment,1233.11
158,2025-07-23,692955,Online Payment,25.48
1412,2025-07-24,410581,Retail,582.52
1387,2025-07-24,300537,Payroll,1713.85
134,2025-07-24,975753,Payroll,961.66
1975,2025-07-24,506907,ATM Withdrawal,493.73
1434,2025-07-25,462392,Retail,407.82
980,2025-07-26,998336,Retail,230.03
1672,2025-07-26,110552,Wire Transfer,191.25
126,2025-07-26,684535,Retail,22.09
1029,2025-07-26,407797,Payroll,393.18
1189,2025-07-26,558526,Online Payment,244.53
706,2025-07-26,915593,Utilities,140.41
79,2025-07-26,288825,Wire Transfer,1490.8
131,2025-07-26,424499,Utilities,184.96
1544,2025-07-27,763338,Payroll,626.07
116,2025-07-27,581096,Retail,132.09
437,2025-07-27,671138,ATM Withdrawal,484.86
708,2025-07-28,957504,Utilities,17.46
570,2025-07-28,908411,Online Payment,293.54
1759,2025-07-28,605058,Wire Transfer,944.91
1728,2025-07-28,713780,Online Payment,246.21
978,2025-07-28,639998,Utilities,662.0
1455,2025-07-28,767224,ATM Withdrawal,1288.43
922,2025-07-28,954929,Retail,275.7
288,2025-07-28,583934,ATM Withdrawal,222.83
1897,2025-07-29,893756,Retail,307.4
1344,2025-07-29,924410,ATM Withdrawal,207.42
1631,2025-07-29,266484,Utilities,805.99
129,2025-07-29,225531,Wire Transfer,3126.41
1627,2025-07-30,860989,Wire Transfer,1451.94
1765,2025-07-30,877566,Payroll,953.25
930,2025-07-30,983064,Payroll,2311.49
535,2025-07-30,484143,Retail,1574.39
228,2025-07-31,693356,Online Payment,757.61
677,2025-07-31,406514,ATM Withdrawal,260.85
597,2025-07-31,568625,Online Payment,1112.15
266,2025-08-01,838057,Retail,383.48
1161,2025-08-01,481410,Retail,548.6
1760,2025-08-01,834152,ATM Withdrawal,581.01
424,2025-08-01,453593,Online Payment,485.4
1858,2025-08-02,611380,Wire Transfer,271.01
1791,2025-08-02,590941,Payroll,1134.99
1628,2025-08-02,171541,ATM Withdrawal,426.64
242,2025-08-02,299857,ATM Withdrawal,217.21
1415,2025-08-02,975526,Online Payment,545.51
786,2025-08-03,499411,Retail,885.37
1423,2025-08-03,385799,Retail,374.18
1118,2025-08-03,560531,Payroll,264.5
260,2025-08-03,612137,Retail,294.76
985,2025-08-03,475823,Utilities,376.45
1156,2025-08-03,465714,Retail,436.58
966,2025-08-03,830066,ATM Withdrawal,173.78
1833,2025-08-03,756575,Wire Transfer,1244.76
1318,2025-08-04,496694,Payroll,2011.31
548,2025-08-04,207155,Retail,26.14
981,2025-08-04,191858,Retail,27.43
698,2025-08-04,687811,Retail,643.98
1396,2025-08-04,974654,Online Payment,933.47
1546,2025-08-04,178127,Wire Transfer,929.87
270,2025-08-04,988476,Retail,446.25
915,2025-08-05,219487,Online Payment,374.96
688,2025-08-05,960236,ATM Withdrawal,138.01
520,2025-08-05,368393,Payroll,852.21
1608,2025-08-05,804681,ATM Withdrawal,312.01
1654,2025-08-06,139149,Utilities,302.39
1350,2025-08-06,509043,Retail,151.36
455,2025-08-06,127166,Retail,444.66
468,2025-08-06,382668,Online Payment,72.0
1644,2025-08-06,815986,Payroll,643.17
720,2025-08-07,259600,ATM Withdrawal,247.08
394,2025-08-07,808362,Online Payment,115.29
1188,2025-08-07,793040,Retail,376.09
665,2025-08-07,760083,Retail,650.64
1505,2025-08-07,549961,Retail,392.12
531,2025-08-07,156479,ATM Withdrawal,123.18
967,2025-08-08,296755,Utilities,561.0
1764,2025-08-08,400023,Retail,380.23
1580,2025-08-08,732299,Payroll,1256.8
1048,2025-08-08,204694,Retail,586.36
494,2025-08-09,227133,Wire Transfer,1405.35
137,2025-08-09,628042,Retail,824.42
1873,2025-08-09,980197,ATM Withdrawal,1180.69
625,2025-08-09,729468,Online Payment,135.35
1525,2025-08-09,175151,Retail,557.78
1568,2025-08-09,806080,Retail,749.75
850,2025-08-10,965378,Retail,118.41
193,2025-08-10,142591,Utilities,450.55
1952,2025-08-10,290761,Retail,449.66
1181,2025-08-10,575416,Online Payment,8.25
490,2025-08-10,445891,Payroll,745.22
1662,2025-08-11,164642,Payroll,487.51
1305,2025-08-11,353091,Retail,786.81
1758,2025-08-11,266947,ATM Withdrawal,262.34
896,2025-08-12,868815,ATM Withdrawal,622.14
269,2025-08-12,730953,Online Payment,331.82
956,2025-08-12,656186,Payroll,575.09
767,2025-08-12,114755,Retail,284.02
1829,2025-08-13,538396,Retail,144.74
900,2025-08-13,922631,ATM Withdrawal,275.48
323,2025-08-13,410588,Payroll,1993.38
953,2025-08-13,640284,Utilities,318.64
702,2025-08-13,615187,ATM Withdrawal,208.58
1135,2025-08-13,920337,Retail,111.04
672,2025-08-13,678031,Payroll,4536.2
601,2025-08-13,366039,Wire Transfer,3014.04
1554,2025-08-14,339851,Retail,787.11
1846,2025-08-14,510679,Utilities,130.35
1885,2025-08-14,732749,Online Payment,340.81
987,2025-08-14,490212,Payroll,2284.13
1200,2025-08-15,433622,Retail,150.49
1397,2025-08-15,127549,Retail,202.27
675,2025-08-15,636534,ATM Withdrawal,31.04
1290,2025-08-15,625216,Retail,289.66
1638,2025-08-15,814863,Payroll,1204.07
343,2025-08-15,751279,Retail,276.77
1661,2025-08-15,426435,Wire Transfer,775.61
1540,2025-08-15,509394,ATM Withdrawal,638.04
1982,2025-08-16,507958,Online Payment,282.36
1211,2025-08-16,585926,Utilities,331.09
825,2025-08-16,942033,Wire Transfer,1680.2
240,2025-08-17,372696,Online Payment,182.18
996,2025-08-17,390375,Online Payment,85.79
1755,2025-08-17,699517,Utilities,847.29
880,2025-08-18,895788,Retail,217.51
1753,2025-08-18,952426,Utilities,629.59
85,2025-08-18,855068,Online Payment,710.06
599,2025-08-18,829597,Wire Transfer,1635.46
1171,2025-08-18,385993,Retail,239.25
245,2025-08-18,681032,Online Payment,390.93
1111,2025-08-19,819775,Retail,421.94
1172,2025-08-19,703743,Utilities,428.29
192,2025-08-19,589391,ATM Withdrawal,275.35
40,2025-08-19,505485,ATM Withdrawal,324.31
458,2025-08-20,911724,Retail,184.13
1467,2025-08-20,196363,ATM Withdrawal,351.14
1370,2025-08-20,150536,ATM Withdrawal,207.8
130,2025-08-20,105157,Retail,438.97
475,2025-08-20,606573,Online Payment,712.15
341,2025-08-20,145022,Wire Transfer,3064.85
958,2025-08-20,495443,Utilities,304.68
743,2025-08-20,120867,Retail,951.06
1417,2025-08-20,510126,Retail,126.66
1196,2025-08-20,405138,ATM Withdrawal,283.25
658,2025-08-20,924711,Utilities,711.13
782,2025-08-21,759155,Payroll,660.21
673,2025-08-21,431818,Online Payment,615.94
1337,2025-08-21,736010,Payroll,998.83
1128,2025-08-21,521193,Online Payment,82.95
1985,2025-08-21,753146,Retail,464.9
1235,2025-08-21,640025,ATM Withdrawal,429.31
920,2025-08-21,685116,Utilities,590.46
99,2025-08-21,992621,Retail,68.37
1585,2025-08-21,696418,Retail,432.92
1994,2025-08-22,273550,Retail,335.77
1068,2025-08-22,724812,Utilities,394.37
616,2025-08-22,515332,ATM Withdrawal,322.06
600,2025-08-23,788487,ATM Withdrawal,1051.92
569,2025-08-23,960724,Utilities,148.52
26,2025-08-24,881596,Retail,119.79
1717,2025-08-24,138546,Online Payment,287.82
1715,2025-08-24,178556,Wire Transfer,2048.57
1130,2025-08-25,342633,ATM Withdrawal,289.72
934,2025-08-25,125247,Payroll,411.29
984,2025-08-25,561356,Online Payment,91.17
1221,2025-08-26,877135,Online Payment,172.66
1089,2025-08-26,286125,Online Payment,490.16
1205,2025-08-26,312193,Payroll,202.93
1887,2025-08-26,942334,Utilities,343.59
771,2025-08-26,934601,Retail,261.15
244,2025-08-26,277092,Online Payment,321.58
824,2025-08-26,515894,Retail,183.53
1255,2025-08-26,182680,Utilities,339.12
502,2025-08-26,793082,Utilities,154.7
1398,2025-08-27,811677,Wire Transfer,1326.38
1723,2025-08-27,572453,Online Payment,26.04
1812,2025-08-27,260341,Payroll,3123.78
123,2025-08-27,247304,Utilities,200.1
1224,2025-08-27,608235,ATM Withdrawal,315.11
3,2025-08-27,733141,Online Payment,276.0
1438,2025-08-27,242696,ATM Withdrawal,90.16
652,2025-08-27,180566,ATM Withdrawal,660.3
986,2025-08-27,616476,Retail,306.63
1693,2025-08-28,330715,Utilities,424.42
842,2025-08-28,178416,Payroll,1179.6
1277,2025-08-28,830661,Retail,155.65
730,2025-08-29,569241,Utilities,214.36
1597,2025-08-29,425955,Payroll,366.1
1981,2025-08-29,261713,Wire Transfer,3879.85
316,2025-08-29,921620,Online Payment,219.36
156,2025-08-30,246661,Utilities,855.91
255,2025-08-30,840749,Online Payment,450.86
372,2025-08-30,718348,Utilities,84.08
446,2025-08-30,692171,Utilities,187.47
1959,2025-08-30,405225,ATM Withdrawal,521.91
162,2025-08-31,343776,Online Payment,535.18
479,2025-08-31,173465,Wire Transfer,1935.48
819,2025-08-31,896543,Retail,290.25
108,2025-08-31,938542,Utilities,545.66
237,2025-08-31,804198,ATM Withdrawal,773.9
1648,2025-08-31,146235,Utilities,140.45
822,2025-08-31,416618,Utilities,677.14
311,2025-09-01,972533,Payroll,342.05
122,2025-09-01,590802,Utilities,374.58
1049,2025-09-01,738109,Online Payment,170.47
859,2025-09-02,515435,ATM Withdrawal,274.42
283,2025-09-02,363267,Payroll,828.79
641,2025-09-02,617338,Utilities,471.9
1613,2025-09-02,145861,Retail,166.63
80,2025-09-02,602632,Wire Transfer,1448.99
736,2025-09-02,482100,Online Payment,208.84
1132,2025-09-02,604317,Retail,386.7
312,2025-09-03,388340,ATM Withdrawal,647.7
1306,2025-09-03,530120,Payroll,873.15
1427,2025-09-03,989082,Wire Transfer,2756.35
1813,2025-09-03,738883,Payroll,510.96
1274,2025-09-04,104589,Retail,265.61
1071,2025-09-04,522319,Payroll,321.5
1329,2025-09-04,484844,Wire Transfer,3000.29
1424,2025-09-04,489111,Payroll,961.29
1298,2025-09-05,855454,ATM Withdrawal,734.64
1668,2025-09-05,221449,Utilities,813.84
49,2025-09-05,516244,Utilities,780.62
257,2025-09-05,437087,ATM Withdrawal,148.47
711,2025-09-05,713856,Online Payment,638.92
1327,2025-09-05,715645,Utilities,312.16
416,2025-09-05,512724,Utilities,299.87
550,2025-09-06,810685,Utilities,103.84
1703,2025-09-06,721995,Retail,167.22
1973,2025-09-06,576096,Retail,218.97
827,2025-09-06,363044,Utilities,265.1
98,2025-09-07,248913,Retail,223.26
813,2025-09-07,520062,Utilities,572.3
1696,2025-09-07,387882,Payroll,175.05
60,2025-09-07,479816,ATM Withdrawal,214.76
1510,2025-09-07,379380,ATM Withdrawal,347.73
1780,2025-09-07,134648,ATM Withdrawal,166.77
191,2025-09-07,650219,Wire Transfer,959.87
1547,2025-09-08,153821,Online Payment,447.41
75,2025-09-08,416834,Online Payment,318.73
788,2025-09-08,579276,Payroll,1242.49
636,2025-09-08,639439,Retail,17.28
615,2025-09-08,736438,Online Payment,173.0
1062,2025-09-08,923480,Utilities,265.78
587,2025-09-09,299318,Online Payment,486.58
1149,2025-09-09,850962,Retail,118.85
941,2025-09-10,715016,Wire Transfer,239.76
1614,2025-09-10,834811,Payroll,1206.3
1183,2025-09-10,597290,Online Payment,119.97
666,2025-09-11,238664,ATM Withdrawal,17.07
422,2025-09-11,133166,Payroll,1549.82
184,2025-09-12,105075,ATM Withdrawal,367.24
866,2025-09-12,978513,ATM Withdrawal,343.71
175,2025-09-12,329126,Retail,960.98
8,2025-09-12,825879,Retail,66.36
875,2025-09-12,355371,Utilities,477.05
1472,2025-09-12,927552,ATM Withdrawal,689.06
86,2025-09-13,620696,Payroll,926.2
1733,2025-09-13,962516,Utilities,287.77
204,2025-09-13,692867,Utilities,60.22
43,2025-09-13,943000,Retail,413.59
1303,2025-09-13,329238,Online Payment,782.43
932,2025-09-13,912452,ATM Withdrawal,835.18
1348,2025-09-13,871548,Payroll,841.63
1194,2025-09-14,616719,ATM Withdrawal,355.61
982,2025-09-14,986071,Wire Transfer,2646.91
1595,2025-09-14,558121,Payroll,3337.33
223,2025-09-14,242350,Retail,698.77
1539,2025-09-15,346028,Utilities,217.13
110,2025-09-15,475673,Retail,80.36
1064,2025-09-15,394440,Payroll,1035.62
1041,2025-09-15,613085,ATM Withdrawal,141.64
541,2025-09-16,654543,Payroll,701.3
906,2025-09-16,495997,Retail,124.78
1045,2025-09-16,662580,Retail,194.24
1600,2025-09-16,238309,Retail,380.21
1317,2025-09-17,722275,Utilities,471.76
1894,2025-09-17,901889,Online Payment,479.07
1522,2025-09-17,999156,Online Payment,127.3
892,2025-09-17,369224,Wire Transfer,8539.31
1077,2025-09-17,974232,Retail,274.3
1197,2025-09-18,699517,Online Payment,294.59
1276,2025-09-18,612411,Retail,849.11
212,2025-09-19,721797,Online Payment,790.93
1332,2025-09-19,484756,Online Payment,301.0
774,2025-09-19,552049,Payroll,1415.68
15,2025-09-19,897831,Retail,720.99
430,2025-09-19,414342,Online Payment,135.6
1675,2025-09-19,358267,Payroll,409.65
177,2025-09-19,805019,Wire Transfer,4022.18
236,2025-09-20,272673,ATM Withdrawal,391.84
1750,2025-09-20,833936,Retail,80.68
395,2025-09-20,794830,Utilities,267.7
1903,2025-09-20,589697,ATM Withdrawal,278.19
1641,2025-09-21,601568,Retail,220.4
793,2025-09-21,707418,ATM Withdrawal,127.15
225,2025-09-21,814011,ATM Withdrawal,595.89
1119,2025-09-21,578689,Payroll,219.62
174,2025-09-21,895521,Retail,404.0
697,2025-09-21,419543,Online Payment,59.94
727,2025-09-21,439256,Payroll,1549.55
1208,2025-09-21,784519,Payroll,1289.68
1598,2025-09-22,949550,Wire Transfer,861.79
1137,2025-09-22,975613,Online Payment,401.51
1670,2025-09-22,763610,Utilities,336.62
461,2025-09-22,547174,Retail,624.16
681,2025-09-22,674384,ATM Withdrawal,100.27
676,2025-09-22,525417,Online Payment,530.93
1785,2025-09-23,123379,Retail,380.26
318,2025-09-23,422015,Online Payment,318.64
713,2025-09-23,108715,Retail,467.19
1879,2025-09-23,453903,Retail,258.4
731,2025-09-24,136067,Utilities,596.05
1724,2025-09-24,742690,Utilities,119.88
737,2025-09-24,429463,Retail,481.61
760,2025-09-24,952355,ATM Withdrawal,353.1
1033,2025-09-24,583404,ATM Withdrawal,232.44
317,2025-09-24,712845,ATM Withdrawal,245.09
1232,2025-09-25,435461,Online Payment,250.12
1218,2025-09-25,483026,Utilities,981.78
1009,2025-09-25,886974,Retail,506.79
1714,2025-09-25,832431,Wire Transfer,731.76
1573,2025-09-25,166638,Online Payment,43.32
631,2025-09-26,722099,ATM Withdrawal,117.84
1860,2025-09-26,121834,ATM Withdrawal,409.19
1591,2025-09-26,656928,ATM Withdrawal,318.79
662,2025-09-26,837047,Retail,237.87
215,2025-09-26,934225,Retail,259.56
13,2025-09-26,498394,Wire Transfer,1207.28
1349,2025-09-26,968619,ATM Withdrawal,85.7
1002,2025-09-26,768009,Retail,154.81
377,2025-09-26,459132,Retail,308.8
557,2025-09-26,549239,Online Payment,551.27
886,2025-09-26,299045,Wire Transfer,3346.06
471,2025-09-27,116108,Utilities,99.47
432,2025-09-27,971240,Wire Transfer,415.39
757,2025-09-27,214275,ATM Withdrawal,810.74
1449,2025-09-27,403791,Retail,380.96
805,2025-09-27,703946,Wire Transfer,4571.91
1282,2025-09-27,275458,Utilities,456.34
603,2025-09-27,754388,ATM Withdrawal,342.03
739,2025-09-27,575666,ATM Withdrawal,382.79
1602,2025-09-27,726680,Utilities,1111.56
1861,2025-09-28,469558,Utilities,148.87
1722,2025-09-28,541837,Retail,127.32
1966,2025-09-28,496149,Retail,228.21
1394,2025-09-28,364557,ATM Withdrawal,129.59
1281,2025-09-28,340495,ATM Withdrawal,253.48
1845,2025-09-29,387395,Payroll,1193.48
878,2025-09-29,106453,Online Payment,203.52
1513,2025-09-29,265842,Payroll,521.64
62,2025-09-29,741591,Online Payment,240.19
1139,2025-09-29,997226,Utilities,147.16
1742,2025-09-29,507633,ATM Withdrawal,399.86
1036,2025-09-29,144040,ATM Withdrawal,300.96
59,2025-09-29,642136,Utilities,314.62
1899,2025-09-30,681683,Payroll,1136.45
391,2025-09-30,127122,Payroll,3587.1
378,2025-09-30,678771,Utilities,292.89
512,2025-09-30,252496,ATM Withdrawal,108.81
463,2025-10-01,668506,Online Payment,103.01
1234,2025-10-01,930789,Utilities,86.43
360,2025-10-01,431545,ATM Withdrawal,405.78
895,2025-10-01,656719,Payroll,513.33
1378,2025-10-02,970708,Retail,175.83
1984,2025-10-02,132734,ATM Withdrawal,319.0
1065,2025-10-02,647384,Online Payment,445.64
1667,2025-10-02,637552,Wire Transfer,5767.88
493,2025-10-02,340093,Online Payment,525.78
1790,2025-10-03,470693,Utilities,276.79
1995,2025-10-03,640771,Retail,645.4
1098,2025-10-03,595930,Retail,81.75
42,2025-10-04,699027,Payroll,1333.73
247,2025-10-04,790168,Utilities,420.01
1674,2025-10-04,893253,ATM Withdrawal,187.72
1073,2025-10-04,408865,ATM Withdrawal,1031.28
234,2025-10-04,387360,Utilities,281.02
1868,2025-10-05,799194,ATM Withdrawal,288.34
51,2025-10-05,609727,Online Payment,286.22
1301,2025-10-05,947860,ATM Withdrawal,185.89
14,2025-10-05,721022,Wire Transfer,4750.58
1204,2025-10-05,336440,ATM Withdrawal,162.94
1275,2025-10-06,359046,Online Payment,242.26
1134,2025-10-06,285274,Retail,228.22
714,2025-10-06,262174,Utilities,42.05
207,2025-10-06,587554,Online Payment,789.25
742,2025-10-06,924746,Retail,514.25
1671,2025-10-06,939442,Utilities,306.8
423,2025-10-07,535794,Utilities,476.09
489,2025-10-07,902059,Payroll,523.26
128,2025-10-07,422556,Payroll,2132.8
1822,2025-10-07,349227,Wire Transfer,380.86
657,2025-10-07,479872,Wire Transfer,6071.52
320,2025-10-08,874020,Utilities,47.55
1148,2025-10-08,725156,Payroll,1874.7
89,2025-10-08,228499,Wire Transfer,1143.92
1775,2025-10-08,309021,Online Payment,126.75
1870,2025-10-09,713144,Online Payment,231.31
1058,2025-10-09,435644,Utilities,147.96
864,2025-10-09,683564,Online Payment,111.78
911,2025-10-09,943379,Online Payment,192.27
370,2025-10-09,985504,Retail,330.39
173,2025-10-09,463034,Utilities,528.49
1061,2025-10-09,750706,Payroll,1529.46
1691,2025-10-09,423993,ATM Withdrawal,203.06
645,2025-10-09,674850,Wire Transfer,4129.97
1278,2025-10-10,500430,Online Payment,158.4
2,2025-10-10,625952,ATM Withdrawal,308.12
1558,2025-10-10,170788,Retail,645.47
1825,2025-10-10,471862,ATM Withdrawal,116.93
1339,2025-10-10,786991,ATM Withdrawal,37.73
734,2025-10-10,347125,Payroll,796.46
1242,2025-10-11,234916,ATM Withdrawal,649.74
1469,2025-10-11,348997,Online Payment,792.29
836,2025-10-11,444644,Retail,75.4
402,2025-10-11,352036,Payroll,1055.0
1914,2025-10-11,868804,Retail,342.49
1611,2025-10-11,896361,Utilities,857.26
815,2025-10-11,919824,Retail,167.61
107,2025-10-12,119042,Retail,407.84
1731,2025-10-12,854993,Online Payment,241.97
602,2025-10-12,763537,Online Payment,122.57
50,2025-10-12,709096,Online Payment,647.52
1441,2025-10-12,717388,Retail,374.28
766,2025-10-12,197315,Wire Transfer,5939.73
1498,2025-10-12,777210,Retail,601.84
1313,2025-10-12,439722,ATM Withdrawal,176.52
112,2025-10-12,746138,Retail,268.42
598,2025-10-12,290323,Retail,50.08
210,2025-10-12,161436,Retail,111.72
25,2025-10-13,618842,Payroll,169.01
806,2025-10-13,728466,ATM Withdrawal,350.13
690,2025-10-13,584635,Utilities,274.11
1212,2025-10-13,301109,Online Payment,109.42
278,2025-10-13,640855,Payroll,1133.38
1726,2025-10-13,323184,Retail,304.51
955,2025-10-14,765911,Online Payment,77.49
476,2025-10-14,337884,Wire Transfer,5091.13
1416,2025-10-14,712786,Utilities,358.07
16,2025-10-14,306898,Payroll,1168.97
613,2025-10-14,203606,Online Payment,140.35
725,2025-10-14,834032,Retail,533.52
160,2025-10-14,573967,Online Payment,362.04
918,2025-10-14,979002,Online Payment,1006.24
990,2025-10-15,987071,Wire Transfer,1757.47
249,2025-10-15,626956,ATM Withdrawal,81.93
213,2025-10-15,907870,Retail,420.74
106,2025-10-15,818237,Utilities,335.88
1430,2025-10-15,929360,Online Payment,104.36
1461,2025-10-16,341944,Payroll,1448.55
559,2025-10-17,920122,Online Payment,162.82
1617,2025-10-17,485350,Retail,127.51
1414,2025-10-17,428065,Utilities,229.85
1986,2025-10-17,303353,Payroll,512.24
1254,2025-10-17,328813,Online Payment,473.34
639,2025-10-17,939892,Online Payment,464.77
1980,2025-10-17,761411,Payroll,882.48
1133,2025-10-17,967290,ATM Withdrawal,867.28
261,2025-10-17,193148,Online Payment,113.52
745,2025-10-18,251922,Online Payment,277.29
1684,2025-10-18,130666,ATM Withdrawal,24.77
484,2025-10-18,957650,Wire Transfer,2164.25
135,2025-10-18,982565,ATM Withdrawal,150.95
692,2025-10-18,758046,ATM Withdrawal,433.15
105,2025-10-18,483103,Payroll,181.88
71,2025-10-18,232798,Utilities,150.64
1736,2025-10-19,452663,Retail,232.61
716,2025-10-19,803173,ATM Withdrawal,324.07
1012,2025-10-19,364401,ATM Withdrawal,186.64
1578,2025-10-19,422224,Wire Transfer,1126.97
1087,2025-10-20,529106,Retail,177.82
686,2025-10-20,642860,Payroll,4070.43
852,2025-10-20,556753,Payroll,1742.72
860,2025-10-20,951890,Utilities,495.96
596,2025-10-20,630241,Online Payment,463.08
591,2025-10-20,118534,Retail,159.05
1284,2025-10-20,630285,Wire Transfer,555.28
1260,2025-10-20,804661,Online Payment,390.77
654,2025-10-21,421976,Payroll,590.59
92,2025-10-21,870226,Retail,608.72
428,2025-10-21,757636,Utilities,320.91
472,2025-10-21,405832,Utilities,120.27
551,2025-10-21,476101,Retail,605.82
1199,2025-10-21,491339,ATM Withdrawal,113.27
103,2025-10-21,255594,Online Payment,39.17
1749,2025-10-21,281789,Retail,126.36
291,2025-10-22,384355,Retail,267.38
1334,2025-10-22,697013,Retail,379.25
1219,2025-10-23,276508,Retail,227.55
336,2025-10-23,650942,Online Payment,260.37
837,2025-10-23,910219,ATM Withdrawal,328.46
1001,2025-10-23,153603,Utilities,1268.75
227,2025-10-23,560167,ATM Withdrawal,253.92
885,2025-10-24,669086,Utilities,59.29
1574,2025-10-24,789665,Retail,1043.1
1426,2025-10-25,612553,Retail,549.72
166,2025-10-25,543436,Wire Transfer,1026.33
1965,2025-10-26,991200,Payroll,1110.62
1535,2025-10-26,973464,Retail,251.81
514,2025-10-26,805176,Retail,931.47
741,2025-10-26,336642,Online Payment,32.24
1964,2025-10-26,886366,ATM Withdrawal,50.89
1843,2025-10-26,608167,ATM Withdrawal,449.31
849,2025-10-27,757918,Utilities,39.07
867,2025-10-27,529953,Utilities,221.84
149,2025-10-27,134181,Retail,207.63
1231,2025-10-27,206087,Online Payment,358.34
1025,2025-10-27,709882,Retail,199.53
1264,2025-10-28,691562,Utilities,233.13
28,2025-10-28,361752,Retail,468.28
1587,2025-10-28,959295,Retail,157.86
1923,2025-10-29,304378,Retail,111.61
433,2025-10-29,446405,Wire Transfer,191.52
1987,2025-10-29,729262,Utilities,363.13
302,2025-10-29,843999,Utilities,265.83
605,2025-10-29,244366,Retail,252.73
794,2025-10-29,863447,Payroll,2235.75
1603,2025-10-29,469836,ATM Withdrawal,244.09
524,2025-10-29,582611,Retail,199.32
1040,2025-10-29,557986,ATM Withdrawal,517.1
38,2025-10-30,374136,Online Payment,486.55
482,2025-10-30,241881,Wire Transfer,806.71
334,2025-10-30,691078,Online Payment,69.69
1971,2025-10-30,169707,Online Payment,488.55
553,2025-10-30,798540,Retail,176.23
388,2025-10-31,578188,Retail,177.93
101,2025-10-31,416619,Retail,943.67
545,2025-10-31,285232,Retail,35.15
90,2025-10-31,769845,Retail,490.64
84,2025-10-31,999332,Online Payment,749.25
1097,2025-11-01,493412,Utilities,161.37
1865,2025-11-01,512004,Retail,550.49
1933,2025-11-01,318274,Retail,1066.03
582,2025-11-01,329294,Payroll,669.13
611,2025-11-01,501086,Retail,523.7
1016,2025-11-02,753586,Retail,303.09
816,2025-11-02,426397,ATM Withdrawal,351.87
589,2025-11-02,828156,Retail,715.32
1650,2025-11-02,224998,Retail,243.26
1080,2025-11-02,837803,Online Payment,269.92
868,2025-11-02,595708,Retail,262.3
1969,2025-11-03,873070,Online Payment,672.58
513,2025-11-03,851726,Wire Transfer,2820.88
19,2025-11-03,787213,Online Payment,160.44
1961,2025-11-03,158587,Retail,153.48
459,2025-11-03,215556,Online Payment,418.07
963,2025-11-03,930180,Retail,958.32
1125,2025-11-03,647817,Retail,142.28
1659,2025-11-03,250921,Utilities,293.38
1086,2025-11-03,136547,ATM Withdrawal,386.27
1093,2025-11-04,994529,Retail,397.26
93,2025-11-04,877426,Payroll,1751.73
590,2025-11-04,112310,Online Payment,463.69
1126,2025-11-04,461413,Payroll,1092.3
1500,2025-11-04,884163,ATM Withdrawal,362.77
1024,2025-11-04,195840,Utilities,273.18
1599,2025-11-05,986281,Retail,57.54
1844,2025-11-05,821360,ATM Withdrawal,368.68
865,2025-11-05,327822,Retail,710.67
723,2025-11-05,427133,ATM Withdrawal,316.59
1884,2025-11-05,777481,ATM Withdrawal,935.31
775,2025-11-05,588393,Retail,405.07
1144,2025-11-05,572602,Online Payment,216.37
361,2025-11-05,284119,Retail,1259.28
1863,2025-11-06,856238,Online Payment,638.71
1163,2025-11-06,467518,Retail,518.16
650,2025-11-06,490733,Retail,416.23
1657,2025-11-06,660565,Payroll,1147.18
477,2025-11-06,387448,Utilities,102.9
1150,2025-11-07,769723,Online Payment,369.17
1856,2025-11-07,292535,Payroll,1881.38
560,2025-11-07,334729,Wire Transfer,1437.53
1158,2025-11-07,140497,Retail,208.22
882,2025-11-07,704151,Online Payment,98.89
1548,2025-11-07,690426,ATM Withdrawal,446.92
297,2025-11-07,417052,Retail,251.74
1007,2025-11-07,348717,Retail,204.84
1896,2025-11-07,610673,ATM Withdrawal,87.35
1465,2025-11-07,639880,ATM Withdrawal,511.95
780,2025-11-07,551386,Online Payment,275.55
856,2025-11-07,216339,ATM Withdrawal,668.67
1552,2025-11-08,426547,Retail,225.47
1127,2025-11-08,413656,ATM Withdrawal,385.31
1314,2025-11-08,335523,Retail,616.91
643,2025-11-08,760547,ATM Withdrawal,90.23
835,2025-11-08,744040,Retail,164.95
1401,2025-11-08,629907,Retail,288.55
1310,2025-11-08,853446,Utilities,548.12
146,2025-11-08,421144,Wire Transfer,1746.8
125,2025-11-09,269605,ATM Withdrawal,80.2
1347,2025-11-09,441036,ATM Withdrawal,735.84
1560,2025-11-09,512780,Utilities,173.6
151,2025-11-09,995746,Wire Transfer,2889.92
1042,2025-11-09,731765,Utilities,51.15
232,2025-11-09,124200,Online Payment,131.76
1292,2025-11-10,576814,Retail,84.17
6,2025-11-10,578213,Wire Transfer,1284.13
610,2025-11-10,852010,ATM Withdrawal,465.51
1706,2025-11-10,539583,ATM Withdrawal,287.29
1247,2025-11-10,840996,Online Payment,321.28
37,2025-11-10,491375,Payroll,564.47
1735,2025-11-11,912785,Retail,443.34
1486,2025-11-11,136551,Retail,357.88
1419,2025-11-11,683393,Retail,770.58
668,2025-11-11,143530,ATM Withdrawal,341.13
1589,2025-11-11,268831,Wire Transfer,2311.32
829,2025-11-12,212474,Online Payment,1270.24
1509,2025-11-12,517690,Retail,231.42
1521,2025-11-12,138998,Retail,292.77
427,2025-11-12,835763,Wire Transfer,2442.18
1280,2025-11-12,816271,Retail,571.04
1734,2025-11-12,474346,Wire Transfer,1069.52
504,2025-11-13,907397,ATM Withdrawal,445.4
1325,2025-11-13,957359,Utilities,71.0
492,2025-11-13,737577,Online Payment,279.88
1214,2025-11-13,776982,Wire Transfer,1997.26
1023,2025-11-14,509364,Retail,283.58
921,2025-11-15,217661,Payroll,369.03
1658,2025-11-15,975555,ATM Withdrawal,310.21
1898,2025-11-16,188110,Retail,685.12
396,2025-11-16,213770,Retail,541.33
1245,2025-11-16,316832,Payroll,1657.5
1408,2025-11-16,590551,Retail,246.49
558,2025-11-16,301810,ATM Withdrawal,363.68
1824,2025-11-16,190829,ATM Withdrawal,98.69
1943,2025-11-16,169217,Payroll,248.27
812,2025-11-17,883347,ATM Withdrawal,168.26
1893,2025-11-17,374164,Payroll,2886.54
1201,2025-11-17,801406,Online Payment,457.14
1716,2025-11-17,455596,Retail,258.24
781,2025-11-17,612920,Wire Transfer,177.09
1713,2025-11-18,863610,Retail,76.06
1792,2025-11-18,296501,ATM Withdrawal,614.06
517,2025-11-18,917467,ATM Withdrawal,171.23
1141,2025-11-18,702819,Retail,220.61
1634,2025-11-18,297394,Retail,169.5
1371,2025-11-18,318898,Payroll,2463.12
1815,2025-11-19,397919,Retail,122.11
904,2025-11-19,208281,Retail,173.92
1324,2025-11-20,709759,Wire Transfer,1039.82
375,2025-11-20,657038,Online Payment,323.26
1004,2025-11-20,701130,Utilities,228.86
1375,2025-11-20,441595,Online Payment,222.6
1752,2025-11-20,695018,Retail,198.13
565,2025-11-21,305238,Online Payment,428.7
35,2025-11-21,859535,Online Payment,427.45
1606,2025-11-21,928536,ATM Withdrawal,375.42
1912,2025-11-21,500606,Utilities,315.88
1692,2025-11-21,483088,Payroll,3050.49
358,2025-11-22,268507,Payroll,796.05
362,2025-11-22,340381,Online Payment,349.85
1389,2025-11-22,717481,Wire Transfer,2452.02
389,2025-11-22,821229,Retail,186.82
48,2025-11-22,378468,Payroll,1247.0
364,2025-11-23,846037,ATM Withdrawal,19.14
1304,2025-11-23,709958,Payroll,1587.04
579,2025-11-23,941941,Online Payment,1469.13
1632,2025-11-24,751366,Retail,373.05
95,2025-11-24,505885,Retail,326.45
1471,2025-11-24,556467,Wire Transfer,2090.01
1557,2025-11-24,693186,Payroll,445.78
1878,2025-11-24,911489,Retail,276.3
828,2025-11-24,270395,ATM Withdrawal,195.77
740,2025-11-24,552604,Online Payment,134.65
1384,2025-11-24,727183,Online Payment,376.08
304,2025-11-24,592015,ATM Withdrawal,58.98
179,2025-11-25,181340,Wire Transfer,381.97
1826,2025-11-26,495366,Online Payment,180.15
1037,2025-11-26,442705,Utilities,412.94
220,2025-11-26,292467,ATM Withdrawal,478.37
592,2025-11-26,963459,Retail,142.54
1732,2025-11-26,559580,ATM Withdrawal,352.04
1206,2025-11-26,290130,Payroll,1490.92
1428,2025-11-26,647533,Payroll,247.67
1315,2025-11-26,979972,Retail,1057.93
345,2025-11-27,793124,Payroll,1065.34
67,2025-11-27,813023,Retail,691.05
1287,2025-11-28,482037,Retail,429.06
1569,2025-11-28,690293,Payroll,363.87
843,2025-11-28,294563,Retail,434.41
1390,2025-11-28,568983,Online Payment,631.45
1154,2025-11-28,697311,Payroll,1009.83
202,2025-11-28,808366,Utilities,582.8
1108,2025-11-28,230815,Retail,189.77
840,2025-11-29,199817,Utilities,772.7
1507,2025-11-30,771704,Online Payment,341.51
943,2025-11-30,613651,Retail,191.68
1708,2025-11-30,228600,Retail,509.03
642,2025-12-01,683099,ATM Withdrawal,330.46
529,2025-12-01,693507,Wire Transfer,2886.02
153,2025-12-01,676960,Online Payment,778.56
1948,2025-12-01,584871,Wire Transfer,1058.39
324,2025-12-01,118939,ATM Withdrawal,647.45
1170,2025-12-01,378917,ATM Withdrawal,216.79
1951,2025-12-01,945616,Retail,261.81
1354,2025-12-01,713139,Wire Transfer,915.73
1564,2025-12-02,727456,ATM Withdrawal,253.0
669,2025-12-02,763660,Retail,135.41
804,2025-12-02,153426,Retail,611.74
1081,2025-12-02,858080,Retail,153.32
1103,2025-12-02,914099,Wire Transfer,1277.53
969,2025-12-02,951748,Online Payment,233.25
1530,2025-12-02,132832,Retail,360.59
715,2025-12-02,940625,Retail,823.52
1705,2025-12-02,739136,Retail,192.36
1972,2025-12-03,850083,ATM Withdrawal,909.02
61,2025-12-03,402995,ATM Withdrawal,65.27
733,2025-12-03,495971,Wire Transfer,553.14
1006,2025-12-03,473737,Utilities,64.91
530,2025-12-03,231303,Utilities,155.27
1990,2025-12-04,785698,Utilities,229.17
1623,2025-12-04,832300,ATM Withdrawal,116.35
527,2025-12-04,368469,ATM Withdrawal,596.28
452,2025-12-04,678142,Retail,324.2
1067,2025-12-04,761754,Utilities,406.54
577,2025-12-04,278305,Retail,380.43
264,2025-12-04,733227,ATM Withdrawal,100.69
586,2025-12-04,563827,Retail,384.1
1262,2025-12-04,630900,Online Payment,302.93
1679,2025-12-04,689759,Online Payment,119.01
421,2025-12-05,754654,Online Payment,243.38
24,2025-12-05,959974,Online Payment,775.47
1182,2025-12-05,991838,Online Payment,698.32
862,2025-12-05,445196,Payroll,947.92
438,2025-12-05,483717,ATM Withdrawal,166.22
499,2025-12-05,615316,ATM Withdrawal,187.7
1751,2025-12-06,950457,Online Payment,26.3
1516,2025-12-06,716682,ATM Withdrawal,458.2
693,2025-12-06,662363,Wire Transfer,1860.1
722,2025-12-06,832573,Utilities,595.9
1143,2025-12-06,506516,Utilities,28.3
491,2025-12-07,843566,Retail,427.43
1273,2025-12-07,680153,ATM Withdrawal,343.05
1977,2025-12-07,938398,Retail,242.65
470,2025-12-07,583145,ATM Withdrawal,646.26
1533,2025-12-07,799502,Utilities,146.35
680,2025-12-08,315935,ATM Withdrawal,291.43
754,2025-12-08,117594,ATM Withdrawal,447.75
382,2025-12-08,693722,Retail,326.63
348,2025-12-08,939231,Retail,332.51
1443,2025-12-08,181106,Retail,688.55
764,2025-12-08,786006,Retail,252.71
1766,2025-12-08,571446,Retail,100.03
409,2025-12-08,625317,Wire Transfer,1789.0
181,2025-12-09,413390,Payroll,184.6
1447,2025-12-09,643258,Retail,76.83
286,2025-12-09,649784,Utilities,401.61
1689,2025-12-09,710077,Retail,552.96
319,2025-12-09,339972,Wire Transfer,2648.54
1874,2025-12-10,367158,Utilities,218.51
81,2025-12-10,172736,ATM Withdrawal,277.7
1910,2025-12-10,132863,Online Payment,1033.81
936,2025-12-10,116319,Utilities,1720.51
1837,2025-12-10,632563,ATM Withdrawal,224.14
1109,2025-12-10,645363,Payroll,857.79
1681,2025-12-11,652550,Utilities,207.5
383,2025-12-12,202772,Utilities,790.93
926,2025-12-12,423350,Online Payment,504.21
694,2025-12-12,826300,Payroll,722.36
949,2025-12-12,967536,Online Payment,229.19
1421,2025-12-13,620234,Online Payment,231.87
1727,2025-12-13,801935,ATM Withdrawal,301.57
640,2025-12-13,849255,Retail,407.53
965,2025-12-13,119348,Payroll,1065.59
571,2025-12-13,509945,Utilities,1160.35
763,2025-12-13,340569,Retail,448.41
1269,2025-12-14,624503,Payroll,2153.23
671,2025-12-14,781239,Online Payment,199.66
1934,2025-12-14,566558,Online Payment,248.7
1832,2025-12-14,907093,Wire Transfer,3567.4
340,2025-12-14,746791,Retail,399.63
1930,2025-12-14,777338,ATM Withdrawal,562.34
776,2025-12-14,695582,Retail,522.72
1295,2025-12-14,413079,ATM Withdrawal,1063.44
293,2025-12-15,454789,Retail,104.62
448,2025-12-15,450142,ATM Withdrawal,44.14
1440,2025-12-15,502508,Online Payment,380.55
1784,2025-12-15,460322,Retail,475.96
274,2025-12-16,277259,Retail,258.32
1054,2025-12-16,954307,Online Payment,194.27
684,2025-12-16,476550,ATM Withdrawal,832.71
1083,2025-12-16,478822,Payroll,495.72
751,2025-12-17,456833,Retail,631.52
1939,2025-12-17,289443,Utilities,139.79
451,2025-12-17,278674,Utilities,766.66
1376,2025-12-17,184719,Retail,561.51
649,2025-12-17,483361,Retail,586.94
195,2025-12-17,907187,ATM Withdrawal,421.89
1700,2025-12-17,357647,Retail,315.6
1223,2025-12-17,151102,Payroll,3109.86
683,2025-12-17,340969,Retail,677.88
515,2025-12-17,495316,Wire Transfer,1785.82
1810,2025-12-17,561321,ATM Withdrawal,713.62
1448,2025-12-17,494289,Online Payment,115.39
1210,2025-12-18,123514,Retail,24.39
1243,2025-12-18,400950,Payroll,595.06
999,2025-12-18,484715,Wire Transfer,4500.66
1369,2025-12-18,761797,Utilities,221.06
503,2025-12-18,742139,ATM Withdrawal,81.93
337,2025-12-18,528587,Utilities,197.0
1377,2025-12-18,344022,ATM Withdrawal,714.57
853,2025-12-18,402651,Utilities,335.13
200,2025-12-18,562835,Payroll,1189.19
466,2025-12-19,148996,Online Payment,434.75
609,2025-12-19,435899,Retail,205.99
417,2025-12-20,700590,Retail,35.37
861,2025-12-20,685354,Retail,105.39
1226,2025-12-20,817707,Payroll,637.07
208,2025-12-20,833738,Utilities,263.34
1567,2025-12-20,445104,Online Payment,115.83
797,2025-12-20,127788,ATM Withdrawal,595.47
64,2025-12-20,788920,Retail,343.89
355,2025-12-20,397421,ATM Withdrawal,191.49
404,2025-12-21,462256,Retail,322.73
46,2025-12-21,480114,Utilities,788.55
1233,2025-12-21,339354,Payroll,972.87
1955,2025-12-21,516440,ATM Withdrawal,466.7
959,2025-12-21,134535,Retail,444.96
947,2025-12-22,468882,Wire Transfer,2257.14
325,2025-12-22,909204,Retail,842.14
441,2025-12-22,173869,Retail,111.95
1649,2025-12-23,375096,Retail,317.71
1250,2025-12-23,597560,Utilities,774.82
1797,2025-12-23,629112,ATM Withdrawal,236.49
1475,2025-12-23,293496,Retail,160.79
12,2025-12-23,444439,Payroll,1390.44
914,2025-12-24,670491,Online Payment,541.69
1746,2025-12-24,642612,Retail,116.12
594,2025-12-24,618045,Payroll,1154.36
894,2025-12-24,389402,Retail,121.07
1381,2025-12-24,823753,ATM Withdrawal,267.59
851,2025-12-24,652749,Retail,222.79
1198,2025-12-25,106986,Utilities,64.79
1676,2025-12-25,502853,Payroll,1214.71
1830,2025-12-25,747464,ATM Withdrawal,155.02
141,2025-12-25,856217,Retail,45.49
1707,2025-12-25,244691,Retail,769.37
1246,2025-12-26,163638,Utilities,504.57
555,2025-12-26,530776,ATM Withdrawal,331.7
1203,2025-12-26,483392,Retail,402.59
1393,2025-12-26,405482,Online Payment,395.88
1570,2025-12-26,518384,ATM Withdrawal,267.31
1828,2025-12-26,806826,Retail,295.61
1457,2025-12-26,394484,Payroll,740.32
1228,2025-12-26,955574,Retail,62.15
1747,2025-12-27,791484,Utilities,231.57
772,2025-12-27,399019,ATM Withdrawal,139.85
1962,2025-12-27,194677,Utilities,390.82
1088,2025-12-28,292830,Payroll,299.74
265,2025-12-28,702774,ATM Withdrawal,177.0
347,2025-12-28,232032,ATM Withdrawal,279.72
1620,2025-12-28,707275,ATM Withdrawal,282.07
1082,2025-12-28,300200,Retail,242.84
1998,2025-12-29,601302,Utilities,74.48
356,2025-12-29,616843,ATM Withdrawal,268.33
145,2025-12-29,436411,Online Payment,176.37
1626,2025-12-29,169712,Retail,176.56
1056,2025-12-30,615359,Wire Transfer,1862.99
1117,2025-12-30,673323,Utilities,285.65
691,2025-12-30,553197,Wire Transfer,1349.36
511,2025-12-30,960024,Utilities,643.82
1422,2025-12-30,938687,ATM Withdrawal,79.75
810,2025-12-30,561231,Payroll,1605.04
1559,2025-12-30,581944,Online Payment,163.97
161,2025-12-30,528542,Online Payment,294.63
401,2025-12-31,602627,Payroll,1123.27
1346,2025-12-31,330262,Payroll,1232.12
820,2025-12-31,153245,Online Payment,124.22
1169,2025-12-31,625725,Retail,292.01
1336,2025-12-31,573885,ATM Withdrawal,110.04
